Ad,Soyad,Math_qiymet,Physics_qiymet,Chemistry_qiymet,Biology_qiymet,History_qiymet,Ortalama,Istirak_S,Tap_Gonderildi,Tap_Verildi,Vaxtinda,Akademik_Performans
Aysel,Guliyev,91,79,76,62,68,75.2,0,2025-05-01,2025-05-03,0,0
Ulvi,Kerimova,89,75,75,97,82,83.6,0,2025-05-01,2025-05-02,0,0
Zahra,Asadov,70,96,68,73,85,78.4,2,2025-05-01,2025-05-06,0,0
Elvin,Mammadova,66,92,68,91,90,81.4,0,2025-05-01,2025-05-06,0,0
Aysel,Huseynov,97,82,90,62,95,85.2,0,2025-05-01,2025-05-02,0,1
Aysel,Taghizade,72,67,75,61,60,67.0,1,2025-05-01,2025-05-05,0,0
Tural,Aliyev,94,80,94,71,77,83.2,0,2025-05-01,2025-05-05,0,0
Tural,Huseynov,75,60,61,73,76,69.0,0,2025-05-01,2025-04-29,1,0
Murad,Taghizade,94,70,78,90,92,84.8,2,2025-05-01,2025-05-05,0,0
Zahra,Mammadova,64,84,74,82,79,76.6,1,2025-05-01,2025-05-03,0,0
Murad,Huseynov,77,97,61,87,84,81.2,0,2025-05-01,2025-05-02,0,0
Nigar,Rahimov,98,80,72,74,64,77.6,0,2025-05-01,2025-05-05,0,0
Nigar,Huseynov,68,70,95,84,84,80.2,0,2025-05-01,2025-04-30,1,0
Murad,Mammadova,97,100,100,96,94,97.4,2,2025-05-01,2025-04-29,1,1
Nigar,Aliyev,76,79,65,91,78,77.8,0,2025-05-01,2025-05-05,0,0
Nigar,Aliyev,82,76,80,61,77,75.2,2,2025-05-01,2025-05-01,1,0
Ulvi,Asadov,97,69,62,78,62,73.6,1,2025-05-01,2025-05-03,0,0
Leyla,Rahimov,62,67,79,73,98,75.8,0,2025-05-01,2025-05-04,0,0
Leyla,Najafova,62,79,99,74,99,82.6,2,2025-05-01,2025-05-03,0,0
Tural,Ismayilova,98,84,80,66,94,84.4,0,2025-05-01,2025-05-05,0,0
Nigar,Huseynov,61,77,72,96,87,78.6,2,2025-05-01,2025-05-05,0,0
Ulvi,Najafova,64,81,89,96,69,79.8,2,2025-05-01,2025-05-04,0,0
Tural,Asadov,97,95,67,60,95,82.8,1,2025-05-01,2025-05-05,0,0
Ulvi,Kerimova,71,71,89,72,94,79.4,2,2025-05-01,2025-04-30,1,0
Elvin,Ismayilova,69,92,98,67,86,82.4,0,2025-05-01,2025-05-03,0,0
Kamran,Mammadova,100,91,75,72,65,80.6,2,2025-05-01,2025-05-02,0,0
Gunay,Taghizade,97,100,77,91,63,85.6,2,2025-05-01,2025-05-06,0,1
Aysel,Ismayilova,88,82,60,74,61,73.0,2,2025-05-01,2025-05-04,0,0
Zahra,Asadov,83,89,97,95,68,86.4,0,2025-05-01,2025-05-02,0,1
Tural,Rahimov,92,78,69,64,81,76.8,0,2025-05-01,2025-05-03,0,0
Ulvi,Asadov,77,77,69,70,71,72.8,1,2025-05-01,2025-05-03,0,0
Tural,Najafova,78,89,87,71,72,79.4,2,2025-05-01,2025-05-04,0,0
Murad,Ismayilova,86,77,71,96,94,84.8,2,2025-05-01,2025-05-02,0,0
Gunay,Kerimova,68,66,69,62,60,65.0,2,2025-05-01,2025-05-01,1,0
Aysel,Taghizade,92,85,70,93,83,84.6,0,2025-05-01,2025-05-01,1,0
Murad,Aliyev,69,65,100,100,63,79.4,1,2025-05-01,2025-05-02,0,0
Leyla,Huseynov,80,77,72,98,88,83.0,0,2025-05-01,2025-05-01,1,0
Kamran,Ismayilova,97,62,75,99,92,85.0,0,2025-05-01,2025-05-01,1,1
Zahra,Najafova,69,61,79,65,75,69.8,0,2025-05-01,2025-04-30,1,0
Aysel,Mammadova,87,85,94,75,89,86.0,0,2025-05-01,2025-04-30,1,1
Leyla,Asadov,96,73,96,74,73,82.4,1,2025-05-01,2025-05-05,0,0
Gunay,Ismayilova,68,75,79,89,65,75.2,0,2025-05-01,2025-05-04,0,0
Elvin,Najafova,89,97,89,95,93,92.6,1,2025-05-01,2025-04-30,1,1
Murad,Asadov,80,64,97,69,67,75.4,2,2025-05-01,2025-05-06,0,0
Kamran,Huseynov,63,78,94,94,89,83.6,0,2025-05-01,2025-05-06,0,0
Murad,Mammadova,66,76,94,74,74,76.8,0,2025-05-01,2025-05-04,0,0
Gunay,Aliyev,95,82,99,77,69,84.4,0,2025-05-01,2025-05-01,1,0
Aysel,Rahimov,92,90,80,99,100,92.2,1,2025-05-01,2025-05-03,0,1
Aysel,Guliyev,94,86,66,91,67,80.8,0,2025-05-01,2025-05-06,0,0
Ulvi,Najafova,99,67,86,96,91,87.8,2,2025-05-01,2025-05-06,0,1
Tural,Rahimov,62,98,72,78,63,74.6,1,2025-05-01,2025-05-04,0,0
Elvin,Najafova,96,84,69,73,64,77.2,0,2025-05-01,2025-05-05,0,0
Tural,Najafova,73,79,68,97,60,75.4,1,2025-05-01,2025-05-05,0,0
Nigar,Ismayilova,63,93,63,79,75,74.6,0,2025-05-01,2025-04-30,1,0
Kamran,Taghizade,89,91,83,83,79,85.0,0,2025-05-01,2025-04-30,1,1
Nigar,Guliyev,93,83,87,79,89,86.2,0,2025-05-01,2025-05-02,0,1
Kamran,Guliyev,93,65,74,98,98,85.6,0,2025-05-01,2025-05-05,0,1
Aysel,Guliyev,71,88,86,87,71,80.6,1,2025-05-01,2025-04-30,1,0
Elvin,Rahimov,84,96,96,63,67,81.2,1,2025-05-01,2025-05-04,0,0
Leyla,Mammadova,64,78,98,60,68,73.6,2,2025-05-01,2025-05-03,0,0
Leyla,Guliyev,81,75,70,61,65,70.4,0,2025-05-01,2025-05-01,1,0
Aysel,Taghizade,93,94,97,72,63,83.8,2,2025-05-01,2025-05-03,0,0
Elvin,Asadov,84,97,85,88,94,89.6,2,2025-05-01,2025-04-29,1,1
Gunay,Ismayilova,87,83,60,80,87,79.4,2,2025-05-01,2025-05-01,1,0
Ulvi,Mammadova,77,74,78,99,83,82.2,2,2025-05-01,2025-05-02,0,0
Gunay,Huseynov,95,93,76,75,69,81.6,1,2025-05-01,2025-04-30,1,0
Murad,Guliyev,85,88,70,64,90,79.4,0,2025-05-01,2025-05-04,0,0
Gunay,Mammadova,99,85,77,80,71,82.4,0,2025-05-01,2025-05-02,0,0
Tural,Ismayilova,72,82,61,64,78,71.4,0,2025-05-01,2025-04-29,1,0
Zahra,Huseynov,89,68,71,90,94,82.4,0,2025-05-01,2025-05-01,1,0
Aysel,Guliyev,88,75,84,75,94,83.2,2,2025-05-01,2025-05-06,0,0
Zahra,Huseynov,75,75,64,79,82,75.0,0,2025-05-01,2025-05-01,1,0
Murad,Mammadova,63,96,86,97,92,86.8,0,2025-05-01,2025-05-05,0,1
Aysel,Huseynov,69,84,77,66,70,73.2,2,2025-05-01,2025-04-30,1,0
Elvin,Aliyev,100,65,82,67,87,80.2,1,2025-05-01,2025-05-06,0,0
Tural,Ismayilova,79,76,78,64,65,72.4,0,2025-05-01,2025-05-05,0,0
Leyla,Asadov,100,72,60,74,92,79.6,0,2025-05-01,2025-04-29,1,0
Nigar,Taghizade,89,99,64,100,81,86.6,2,2025-05-01,2025-05-01,1,1
Leyla,Huseynov,64,83,62,99,87,79.0,0,2025-05-01,2025-05-02,0,0
Nigar,Mammadova,97,77,65,62,61,72.4,0,2025-05-01,2025-05-02,0,0
Ulvi,Taghizade,100,80,74,86,76,83.2,0,2025-05-01,2025-05-02,0,0
Tural,Huseynov,97,75,79,97,88,87.2,0,2025-05-01,2025-05-03,0,1
Leyla,Taghizade,72,76,69,83,74,74.8,0,2025-05-01,2025-05-06,0,0
Gunay,Taghizade,94,72,70,72,84,78.4,2,2025-05-01,2025-05-03,0,0
Leyla,Kerimova,66,97,72,78,78,78.2,0,2025-05-01,2025-05-03,0,0
Tural,Guliyev,70,91,91,65,84,80.2,2,2025-05-01,2025-04-29,1,0
Elvin,Huseynov,84,73,86,72,100,83.0,0,2025-05-01,2025-05-03,0,0
Gunay,Mammadova,70,95,86,75,65,78.2,2,2025-05-01,2025-05-05,0,0
Murad,Huseynov,86,96,76,61,100,83.8,0,2025-05-01,2025-05-03,0,0
Kamran,Aliyev,81,75,82,90,69,79.4,1,2025-05-01,2025-05-03,0,0
Kamran,Taghizade,84,71,88,71,61,75.0,2,2025-05-01,2025-05-03,0,0
Tural,Guliyev,90,74,64,75,86,77.8,2,2025-05-01,2025-05-04,0,0
Ulvi,Kerimova,97,99,83,89,61,85.8,2,2025-05-01,2025-05-01,1,1
Ulvi,Mammadova,72,98,74,99,72,83.0,0,2025-05-01,2025-05-03,0,0
Tural,Kerimova,67,100,100,97,70,86.8,0,2025-05-01,2025-05-04,0,1
Nigar,Aliyev,60,81,61,91,72,73.0,0,2025-05-01,2025-05-06,0,0
Leyla,Aliyev,66,75,82,70,61,70.8,0,2025-05-01,2025-04-30,1,0
Gunay,Taghizade,63,77,87,92,64,76.6,0,2025-05-01,2025-05-02,0,0
Kamran,Asadov,98,97,73,83,63,82.8,1,2025-05-01,2025-04-30,1,0
Ulvi,Rahimov,94,65,65,77,70,74.2,0,2025-05-01,2025-05-06,0,0
Murad,Rahimov,77,96,88,60,71,78.4,0,2025-05-01,2025-05-04,0,0
Aysel,Kerimova,91,72,72,61,84,76.0,0,2025-05-01,2025-05-06,0,0
Ulvi,Ismayilova,86,66,82,61,79,74.8,0,2025-05-01,2025-05-01,1,0
Nigar,Taghizade,78,100,90,67,81,83.2,0,2025-05-01,2025-05-06,0,0
Leyla,Guliyev,72,93,70,87,74,79.2,0,2025-05-01,2025-05-03,0,0
Nigar,Mammadova,74,87,75,86,89,82.2,2,2025-05-01,2025-05-02,0,0
Murad,Ismayilova,76,97,95,74,84,85.2,2,2025-05-01,2025-05-02,0,1
Nigar,Mammadova,86,94,95,80,94,89.8,0,2025-05-01,2025-05-04,0,1
Murad,Rahimov,63,66,90,72,74,73.0,0,2025-05-01,2025-05-04,0,0
Murad,Mammadova,86,61,60,89,67,72.6,2,2025-05-01,2025-05-05,0,0
Murad,Mammadova,100,75,77,97,87,87.2,2,2025-05-01,2025-05-02,0,1
Ulvi,Taghizade,91,79,95,80,71,83.2,1,2025-05-01,2025-05-03,0,0
Aysel,Kerimova,72,87,67,69,95,78.0,2,2025-05-01,2025-05-06,0,0
Murad,Mammadova,91,91,83,94,93,90.4,2,2025-05-01,2025-05-05,0,1
Aysel,Aliyev,97,94,94,97,94,95.2,0,2025-05-01,2025-05-03,0,1
Leyla,Rahimov,89,71,65,100,84,81.8,0,2025-05-01,2025-05-02,0,0
Leyla,Rahimov,73,88,66,70,75,74.4,1,2025-05-01,2025-05-04,0,0
Kamran,Najafova,85,82,98,84,98,89.4,0,2025-05-01,2025-05-02,0,1
Kamran,Taghizade,66,61,74,95,95,78.2,0,2025-05-01,2025-05-05,0,0
Leyla,Rahimov,92,93,75,71,66,79.4,0,2025-05-01,2025-04-30,1,0
Murad,Guliyev,99,85,98,60,78,84.0,2,2025-05-01,2025-05-06,0,0
Aysel,Guliyev,80,68,64,71,75,71.6,0,2025-05-01,2025-05-03,0,0
Elvin,Guliyev,72,77,84,74,74,76.2,0,2025-05-01,2025-05-03,0,0
Tural,Asadov,68,62,78,61,97,73.2,1,2025-05-01,2025-05-06,0,0
Kamran,Taghizade,65,73,69,77,91,75.0,2,2025-05-01,2025-04-30,1,0
Ulvi,Mammadova,98,76,61,63,66,72.8,2,2025-05-01,2025-05-01,1,0
Aysel,Taghizade,87,82,68,61,72,74.0,0,2025-05-01,2025-05-06,0,0
Gunay,Aliyev,82,69,95,68,82,79.2,2,2025-05-01,2025-05-03,0,0
Gunay,Guliyev,79,72,67,84,74,75.2,1,2025-05-01,2025-05-04,0,0
Aysel,Taghizade,83,84,91,83,67,81.6,2,2025-05-01,2025-05-01,1,0
Murad,Mammadova,95,83,90,76,91,87.0,2,2025-05-01,2025-05-04,0,1
Zahra,Guliyev,67,85,92,98,85,85.4,2,2025-05-01,2025-05-02,0,1
Elvin,Aliyev,67,67,81,77,60,70.4,1,2025-05-01,2025-05-02,0,0
Leyla,Huseynov,66,75,92,85,83,80.2,0,2025-05-01,2025-05-02,0,0
Nigar,Najafova,77,82,70,87,86,80.4,0,2025-05-01,2025-05-02,0,0
Elvin,Huseynov,71,62,90,94,67,76.8,2,2025-05-01,2025-05-02,0,0
Leyla,Najafova,93,95,90,96,82,91.2,0,2025-05-01,2025-04-30,1,1
Aysel,Huseynov,92,81,94,87,86,88.0,0,2025-05-01,2025-05-06,0,1
Ulvi,Najafova,99,72,71,97,69,81.6,0,2025-05-01,2025-05-04,0,0
Kamran,Taghizade,90,82,66,98,71,81.4,1,2025-05-01,2025-05-03,0,0
Aysel,Asadov,67,96,90,60,78,78.2,1,2025-05-01,2025-05-06,0,0
Elvin,Rahimov,61,74,84,71,98,77.6,2,2025-05-01,2025-05-01,1,0
Nigar,Ismayilova,84,80,75,65,92,79.2,1,2025-05-01,2025-05-06,0,0
Elvin,Guliyev,61,85,67,96,95,80.8,1,2025-05-01,2025-05-01,1,0
Leyla,Mammadova,88,63,75,67,92,77.0,0,2025-05-01,2025-05-04,0,0
Ulvi,Asadov,95,98,93,71,89,89.2,2,2025-05-01,2025-05-05,0,1
Murad,Mammadova,92,76,97,65,75,81.0,1,2025-05-01,2025-04-30,1,0
Zahra,Mammadova,100,88,62,63,62,75.0,0,2025-05-01,2025-05-04,0,0
Aysel,Guliyev,66,71,89,89,89,80.8,0,2025-05-01,2025-05-01,1,0
Gunay,Aliyev,83,98,98,88,83,90.0,0,2025-05-01,2025-04-29,1,1
Leyla,Asadov,65,67,63,81,96,74.4,1,2025-05-01,2025-05-04,0,0
Zahra,Ismayilova,76,64,84,100,84,81.6,1,2025-05-01,2025-04-30,1,0
Kamran,Najafova,74,79,100,88,93,86.8,2,2025-05-01,2025-05-02,0,1
Zahra,Ismayilova,91,96,67,98,68,84.0,0,2025-05-01,2025-04-30,1,0
Murad,Ismayilova,72,63,94,99,87,83.0,0,2025-05-01,2025-05-06,0,0
Elvin,Asadov,73,73,95,79,91,82.2,2,2025-05-01,2025-05-04,0,0
Nigar,Asadov,74,88,65,74,76,75.4,2,2025-05-01,2025-04-30,1,0
Aysel,Guliyev,89,90,76,98,84,87.4,2,2025-05-01,2025-04-29,1,1
Nigar,Asadov,78,89,99,64,100,86.0,0,2025-05-01,2025-05-01,1,1
Nigar,Kerimova,84,63,62,89,96,78.8,0,2025-05-01,2025-04-29,1,0
Nigar,Mammadova,87,88,96,84,85,88.0,2,2025-05-01,2025-05-02,0,1
Nigar,Huseynov,69,83,77,81,60,74.0,0,2025-05-01,2025-04-30,1,0
Zahra,Mammadova,100,94,80,63,85,84.4,2,2025-05-01,2025-05-01,1,0
Gunay,Asadov,71,74,90,84,87,81.2,2,2025-05-01,2025-04-30,1,0
Kamran,Asadov,79,61,93,66,60,71.8,2,2025-05-01,2025-05-01,1,0
Tural,Ismayilova,75,95,91,70,70,80.2,0,2025-05-01,2025-05-06,0,0
Gunay,Najafova,81,83,90,96,77,85.4,1,2025-05-01,2025-05-04,0,1
Kamran,Huseynov,70,73,69,61,82,71.0,0,2025-05-01,2025-04-29,1,0
Gunay,Aliyev,89,74,61,79,85,77.6,0,2025-05-01,2025-05-02,0,0
Aysel,Aliyev,77,68,93,64,70,74.4,2,2025-05-01,2025-05-04,0,0
Elvin,Huseynov,72,63,92,70,87,76.8,0,2025-05-01,2025-04-30,1,0
Murad,Asadov,83,79,86,68,82,79.6,0,2025-05-01,2025-05-01,1,0
Elvin,Rahimov,72,72,65,86,64,71.8,2,2025-05-01,2025-05-01,1,0
Ulvi,Guliyev,83,61,91,97,70,80.4,2,2025-05-01,2025-04-29,1,0
Murad,Aliyev,79,71,63,76,99,77.6,2,2025-05-01,2025-05-06,0,0
Nigar,Aliyev,68,62,87,76,69,72.4,0,2025-05-01,2025-04-30,1,0
Zahra,Taghizade,60,73,69,70,99,74.2,1,2025-05-01,2025-04-29,1,0
Elvin,Rahimov,100,94,64,95,90,88.6,2,2025-05-01,2025-05-02,0,1
Ulvi,Kerimova,90,68,84,80,61,76.6,0,2025-05-01,2025-04-30,1,0
Elvin,Huseynov,83,87,80,96,70,83.2,2,2025-05-01,2025-05-03,0,0
Ulvi,Mammadova,87,71,69,79,79,77.0,2,2025-05-01,2025-05-06,0,0
Elvin,Mammadova,67,79,66,60,84,71.2,0,2025-05-01,2025-05-02,0,0
Tural,Mammadova,96,99,84,95,70,88.8,0,2025-05-01,2025-05-06,0,1
Murad,Aliyev,98,73,69,86,67,78.6,1,2025-05-01,2025-05-01,1,0
Kamran,Rahimov,89,74,95,95,67,84.0,0,2025-05-01,2025-05-01,1,0
Zahra,Mammadova,61,75,85,91,61,74.6,0,2025-05-01,2025-05-03,0,0
Leyla,Huseynov,93,62,64,63,82,72.8,0,2025-05-01,2025-05-06,0,0
Gunay,Ismayilova,97,60,75,85,78,79.0,0,2025-05-01,2025-04-29,1,0
Tural,Najafova,68,85,75,80,70,75.6,1,2025-05-01,2025-05-05,0,0
Kamran,Aliyev,98,93,75,100,78,88.8,1,2025-05-01,2025-05-06,0,1
Murad,Kerimova,93,89,88,80,93,88.6,2,2025-05-01,2025-05-03,0,1
Kamran,Guliyev,90,66,96,72,98,84.4,2,2025-05-01,2025-05-03,0,0
Tural,Aliyev,75,88,89,67,69,77.6,2,2025-05-01,2025-04-29,1,0
Gunay,Guliyev,100,85,70,79,63,79.4,0,2025-05-01,2025-05-03,0,0
Kamran,Najafova,86,79,92,100,76,86.6,0,2025-05-01,2025-04-29,1,1
Nigar,Asadov,91,71,90,70,92,82.8,2,2025-05-01,2025-04-30,1,0
Leyla,Mammadova,61,91,69,83,77,76.2,0,2025-05-01,2025-05-06,0,0
Ulvi,Mammadova,60,89,66,88,72,75.0,1,2025-05-01,2025-05-01,1,0
Leyla,Ismayilova,79,63,81,100,96,83.8,1,2025-05-01,2025-05-01,1,0
Zahra,Najafova,78,66,71,97,78,78.0,2,2025-05-01,2025-05-04,0,0
Kamran,Mammadova,94,67,83,79,96,83.8,1,2025-05-01,2025-05-04,0,0
Ulvi,Huseynov,68,82,80,60,71,72.2,0,2025-05-01,2025-04-29,1,0
Elvin,Taghizade,64,98,64,69,77,74.4,1,2025-05-01,2025-05-03,0,0
Ulvi,Mammadova,60,79,96,85,62,76.4,2,2025-05-01,2025-05-06,0,0
Murad,Huseynov,94,74,92,84,60,80.8,2,2025-05-01,2025-05-01,1,0
Murad,Mammadova,68,72,100,74,70,76.8,0,2025-05-01,2025-05-05,0,0
Zahra,Asadov,89,71,89,96,80,85.0,0,2025-05-01,2025-05-02,0,1
Aysel,Mammadova,99,71,74,99,75,83.6,2,2025-05-01,2025-05-03,0,0
Aysel,Mammadova,85,74,96,65,87,81.4,1,2025-05-01,2025-04-29,1,0
Leyla,Rahimov,82,85,85,87,90,85.8,0,2025-05-01,2025-04-30,1,1
Aysel,Mammadova,68,84,89,100,73,82.8,2,2025-05-01,2025-04-29,1,0
Nigar,Asadov,91,69,77,69,62,73.6,0,2025-05-01,2025-05-01,1,0
Ulvi,Rahimov,61,62,92,70,76,72.2,0,2025-05-01,2025-05-03,0,0
Tural,Mammadova,99,70,65,88,95,83.4,0,2025-05-01,2025-05-02,0,0
Elvin,Rahimov,75,70,68,69,70,70.4,1,2025-05-01,2025-05-06,0,0
Tural,Asadov,96,85,64,100,94,87.8,0,2025-05-01,2025-05-06,0,1
Nigar,Aliyev,98,100,86,62,73,83.8,2,2025-05-01,2025-05-01,1,0
Ulvi,Kerimova,61,79,92,70,79,76.2,0,2025-05-01,2025-05-06,0,0
Tural,Taghizade,98,92,66,63,81,80.0,2,2025-05-01,2025-04-29,1,0
Leyla,Huseynov,98,66,67,64,82,75.4,0,2025-05-01,2025-05-02,0,0
Tural,Guliyev,82,95,91,81,75,84.8,0,2025-05-01,2025-05-06,0,0
Elvin,Guliyev,74,87,66,84,73,76.8,0,2025-05-01,2025-05-02,0,0
Zahra,Huseynov,62,84,99,92,76,82.6,0,2025-05-01,2025-05-06,0,0
Kamran,Najafova,79,98,79,67,100,84.6,2,2025-05-01,2025-05-05,0,0
Aysel,Taghizade,100,77,76,67,61,76.2,0,2025-05-01,2025-05-01,1,0
Tural,Guliyev,77,66,88,92,96,83.8,0,2025-05-01,2025-04-29,1,0
Nigar,Asadov,90,87,83,81,83,84.8,0,2025-05-01,2025-05-01,1,0
Zahra,Ismayilova,79,81,63,65,80,73.6,2,2025-05-01,2025-05-04,0,0
Kamran,Kerimova,62,96,90,80,89,83.4,0,2025-05-01,2025-05-02,0,0
Tural,Asadov,81,98,71,69,98,83.4,2,2025-05-01,2025-05-05,0,0
Kamran,Rahimov,60,73,93,62,76,72.8,0,2025-05-01,2025-04-29,1,0
Zahra,Mammadova,99,60,73,69,81,76.4,0,2025-05-01,2025-05-03,0,0
Leyla,Mammadova,100,98,86,66,88,87.6,1,2025-05-01,2025-04-29,1,1
Zahra,Guliyev,65,90,89,96,67,81.4,2,2025-05-01,2025-05-03,0,0
Elvin,Mammadova,63,64,87,85,69,73.6,0,2025-05-01,2025-04-30,1,0
Ulvi,Rahimov,93,80,62,64,64,72.6,2,2025-05-01,2025-05-06,0,0
Gunay,Kerimova,79,89,63,77,73,76.2,2,2025-05-01,2025-05-03,0,0
Tural,Kerimova,98,88,94,83,91,90.8,0,2025-05-01,2025-04-30,1,1
Murad,Mammadova,77,64,60,77,90,73.6,0,2025-05-01,2025-05-01,1,0
Leyla,Huseynov,67,95,64,92,79,79.4,2,2025-05-01,2025-05-02,0,0
Nigar,Mammadova,79,78,79,71,80,77.4,0,2025-05-01,2025-05-04,0,0
Nigar,Asadov,70,78,66,90,65,73.8,1,2025-05-01,2025-04-30,1,0
Elvin,Asadov,97,70,94,64,99,84.8,0,2025-05-01,2025-05-01,1,0
Elvin,Guliyev,86,68,94,75,97,84.0,0,2025-05-01,2025-05-05,0,0
Murad,Taghizade,69,85,74,83,79,78.0,2,2025-05-01,2025-05-04,0,0
Nigar,Guliyev,68,100,95,64,76,80.6,0,2025-05-01,2025-05-01,1,0
Nigar,Kerimova,67,63,82,74,64,70.0,2,2025-05-01,2025-05-06,0,0
Aysel,Najafova,66,82,66,78,68,72.0,0,2025-05-01,2025-05-04,0,0
Aysel,Ismayilova,75,82,81,74,85,79.4,0,2025-05-01,2025-04-29,1,0
Gunay,Kerimova,86,79,97,73,61,79.2,0,2025-05-01,2025-05-06,0,0
Ulvi,Asadov,67,97,88,83,60,79.0,0,2025-05-01,2025-05-05,0,0
Ulvi,Huseynov,69,70,76,64,74,70.6,2,2025-05-01,2025-05-01,1,0
Ulvi,Kerimova,70,64,69,87,66,71.2,1,2025-05-01,2025-04-30,1,0
Murad,Guliyev,81,92,79,78,85,83.0,0,2025-05-01,2025-05-06,0,0
Gunay,Najafova,85,86,88,68,65,78.4,2,2025-05-01,2025-05-03,0,0
Ulvi,Guliyev,66,69,98,95,95,84.6,2,2025-05-01,2025-05-06,0,0
Gunay,Najafova,87,79,64,79,75,76.8,0,2025-05-01,2025-04-29,1,0
Murad,Mammadova,80,66,90,92,66,78.8,2,2025-05-01,2025-05-05,0,0
Nigar,Ismayilova,96,67,90,90,69,82.4,2,2025-05-01,2025-05-02,0,0
Tural,Asadov,70,61,83,63,84,72.2,2,2025-05-01,2025-04-30,1,0
Gunay,Taghizade,60,69,80,65,69,68.6,0,2025-05-01,2025-05-05,0,0
Tural,Aliyev,62,82,94,80,96,82.8,2,2025-05-01,2025-04-30,1,0
Zahra,Mammadova,69,67,77,93,71,75.4,0,2025-05-01,2025-05-01,1,0
Ulvi,Aliyev,84,72,82,75,80,78.6,1,2025-05-01,2025-05-06,0,0
Zahra,Taghizade,96,67,94,99,60,83.2,0,2025-05-01,2025-05-06,0,0
Elvin,Taghizade,91,86,90,62,76,81.0,2,2025-05-01,2025-04-29,1,0
Ulvi,Rahimov,75,85,96,83,69,81.6,1,2025-05-01,2025-04-30,1,0
Tural,Ismayilova,68,97,97,68,66,79.2,2,2025-05-01,2025-05-03,0,0
Zahra,Rahimov,100,90,83,87,90,90.0,0,2025-05-01,2025-04-29,1,1
Ulvi,Huseynov,63,86,93,95,68,81.0,0,2025-05-01,2025-05-06,0,0
Elvin,Huseynov,95,92,65,75,62,77.8,0,2025-05-01,2025-05-06,0,0
Nigar,Guliyev,71,71,65,84,87,75.6,2,2025-05-01,2025-05-01,1,0
Ulvi,Asadov,72,92,67,68,95,78.8,0,2025-05-01,2025-04-30,1,0
Zahra,Asadov,81,72,92,79,63,77.4,1,2025-05-01,2025-04-30,1,0
Murad,Najafova,91,93,70,88,62,80.8,0,2025-05-01,2025-05-06,0,0
Murad,Mammadova,61,64,86,69,97,75.4,1,2025-05-01,2025-05-06,0,0
Gunay,Huseynov,91,97,74,73,90,85.0,2,2025-05-01,2025-04-29,1,1
Nigar,Mammadova,91,75,84,84,60,78.8,2,2025-05-01,2025-05-01,1,0
Murad,Ismayilova,97,75,98,76,93,87.8,0,2025-05-01,2025-05-06,0,1
Nigar,Rahimov,66,77,100,92,82,83.4,0,2025-05-01,2025-05-01,1,0
Nigar,Najafova,84,61,64,75,64,69.6,0,2025-05-01,2025-04-30,1,0
Nigar,Ismayilova,78,82,100,99,88,89.4,2,2025-05-01,2025-04-29,1,1
Ulvi,Kerimova,75,93,83,95,79,85.0,0,2025-05-01,2025-05-04,0,1
Ulvi,Kerimova,97,93,74,82,88,86.8,2,2025-05-01,2025-05-05,0,1
Tural,Kerimova,71,91,74,89,68,78.6,1,2025-05-01,2025-04-30,1,0
Ulvi,Kerimova,73,90,91,90,70,82.8,0,2025-05-01,2025-05-06,0,0
Nigar,Aliyev,80,92,70,88,77,81.4,2,2025-05-01,2025-05-04,0,0
Ulvi,Rahimov,68,81,91,66,61,73.4,1,2025-05-01,2025-05-03,0,0
Leyla,Guliyev,71,91,76,93,61,78.4,1,2025-05-01,2025-05-03,0,0
Elvin,Guliyev,64,96,73,82,97,82.4,0,2025-05-01,2025-05-01,1,0
Leyla,Najafova,96,81,84,85,90,87.2,1,2025-05-01,2025-05-04,0,1
Tural,Aliyev,73,92,78,90,99,86.4,1,2025-05-01,2025-04-29,1,1
Gunay,Rahimov,67,66,83,74,77,73.4,1,2025-05-01,2025-05-02,0,0
Nigar,Asadov,97,91,60,80,92,84.0,2,2025-05-01,2025-05-01,1,0
Zahra,Kerimova,91,85,97,68,74,83.0,0,2025-05-01,2025-05-03,0,0
Elvin,Taghizade,69,80,65,95,63,74.4,1,2025-05-01,2025-05-05,0,0
Leyla,Taghizade,74,62,83,93,83,79.0,0,2025-05-01,2025-05-02,0,0
Ulvi,Taghizade,71,67,93,94,90,83.0,1,2025-05-01,2025-05-01,1,0
Tural,Aliyev,72,69,85,93,85,80.8,2,2025-05-01,2025-05-03,0,0
Kamran,Mammadova,78,63,71,70,90,74.4,0,2025-05-01,2025-04-29,1,0
Kamran,Guliyev,92,61,68,70,73,72.8,2,2025-05-01,2025-04-29,1,0
Elvin,Rahimov,85,89,84,98,84,88.0,0,2025-05-01,2025-05-04,0,1
Elvin,Guliyev,67,69,88,74,74,74.4,2,2025-05-01,2025-05-03,0,0
Kamran,Najafova,100,80,65,76,61,76.4,0,2025-05-01,2025-04-29,1,0
Aysel,Taghizade,68,79,61,77,82,73.4,0,2025-05-01,2025-05-02,0,0
Tural,Aliyev,71,85,65,93,73,77.4,0,2025-05-01,2025-05-05,0,0
Kamran,Rahimov,83,68,60,73,91,75.0,0,2025-05-01,2025-05-04,0,0
Nigar,Najafova,62,92,88,68,87,79.4,0,2025-05-01,2025-05-05,0,0
Zahra,Najafova,94,93,74,86,75,84.4,0,2025-05-01,2025-05-05,0,0
Kamran,Rahimov,92,91,87,86,81,87.4,0,2025-05-01,2025-05-04,0,1
Leyla,Rahimov,92,78,75,78,73,79.2,2,2025-05-01,2025-05-05,0,0
Nigar,Ismayilova,66,65,84,90,83,77.6,2,2025-05-01,2025-04-30,1,0
Murad,Kerimova,63,93,70,88,97,82.2,2,2025-05-01,2025-04-29,1,0
Murad,Kerimova,60,74,96,88,95,82.6,0,2025-05-01,2025-04-29,1,0
Murad,Guliyev,70,72,73,60,96,74.2,0,2025-05-01,2025-05-02,0,0
Leyla,Huseynov,60,77,71,95,69,74.4,0,2025-05-01,2025-05-06,0,0
Leyla,Guliyev,84,93,72,69,99,83.4,0,2025-05-01,2025-05-06,0,0
Tural,Asadov,78,94,61,94,97,84.8,0,2025-05-01,2025-04-29,1,0
Aysel,Kerimova,72,77,78,65,68,72.0,0,2025-05-01,2025-05-04,0,0
Zahra,Guliyev,93,63,98,85,60,79.8,2,2025-05-01,2025-05-05,0,0
Murad,Mammadova,88,97,63,76,98,84.4,2,2025-05-01,2025-05-02,0,0
Gunay,Rahimov,87,74,77,82,99,83.8,2,2025-05-01,2025-05-01,1,0
Leyla,Najafova,65,83,79,77,75,75.8,0,2025-05-01,2025-05-06,0,0
Tural,Najafova,85,61,86,78,64,74.8,1,2025-05-01,2025-05-02,0,0
Aysel,Asadov,94,81,76,96,68,83.0,2,2025-05-01,2025-04-29,1,0
Zahra,Najafova,86,66,91,93,91,85.4,1,2025-05-01,2025-05-02,0,1
Leyla,Guliyev,61,80,67,95,68,74.2,2,2025-05-01,2025-05-02,0,0
Aysel,Kerimova,85,72,94,88,79,83.6,0,2025-05-01,2025-05-03,0,0
Elvin,Kerimova,71,71,71,63,75,70.2,1,2025-05-01,2025-04-30,1,0
Kamran,Rahimov,74,87,62,100,99,84.4,2,2025-05-01,2025-05-01,1,0
Elvin,Guliyev,80,80,68,89,71,77.6,2,2025-05-01,2025-05-05,0,0
Zahra,Aliyev,92,70,73,91,98,84.8,0,2025-05-01,2025-05-05,0,0
Kamran,Kerimova,84,77,95,69,91,83.2,2,2025-05-01,2025-05-03,0,0
Nigar,Ismayilova,93,64,65,81,65,73.6,0,2025-05-01,2025-05-02,0,0
Kamran,Najafova,64,67,87,91,99,81.6,0,2025-05-01,2025-05-05,0,0
Kamran,Najafova,63,90,96,96,72,83.4,2,2025-05-01,2025-05-06,0,0
Gunay,Aliyev,86,90,60,84,98,83.6,0,2025-05-01,2025-05-04,0,0
Tural,Najafova,86,61,86,67,65,73.0,2,2025-05-01,2025-05-06,0,0
Nigar,Najafova,95,97,90,90,94,93.2,1,2025-05-01,2025-04-29,1,1
Kamran,Mammadova,66,98,69,83,98,82.8,2,2025-05-01,2025-05-01,1,0
Nigar,Ismayilova,93,81,67,81,87,81.8,0,2025-05-01,2025-04-30,1,0
Kamran,Najafova,65,83,62,92,64,73.2,1,2025-05-01,2025-04-30,1,0
Ulvi,Guliyev,78,71,82,77,91,79.8,0,2025-05-01,2025-05-01,1,0
Ulvi,Huseynov,65,80,63,81,65,70.8,2,2025-05-01,2025-05-05,0,0
Aysel,Guliyev,71,91,94,80,87,84.6,1,2025-05-01,2025-05-05,0,0
Kamran,Huseynov,79,60,73,94,68,74.8,0,2025-05-01,2025-05-02,0,0
Murad,Rahimov,82,76,81,94,86,83.8,2,2025-05-01,2025-05-04,0,0
Nigar,Asadov,78,78,79,96,81,82.4,0,2025-05-01,2025-05-06,0,0
Leyla,Rahimov,98,98,93,75,81,89.0,0,2025-05-01,2025-04-29,1,1
Elvin,Taghizade,80,98,81,76,60,79.0,1,2025-05-01,2025-05-02,0,0
Leyla,Najafova,66,81,95,96,84,84.4,1,2025-05-01,2025-05-05,0,0
Gunay,Mammadova,96,73,96,93,76,86.8,0,2025-05-01,2025-04-30,1,1
Zahra,Guliyev,60,91,84,92,90,83.4,2,2025-05-01,2025-05-01,1,0
Elvin,Asadov,75,100,60,64,93,78.4,1,2025-05-01,2025-05-01,1,0
Murad,Huseynov,82,62,78,79,77,75.6,0,2025-05-01,2025-05-04,0,0
Aysel,Kerimova,64,90,85,64,85,77.6,2,2025-05-01,2025-05-04,0,0
Aysel,Ismayilova,77,80,90,99,72,83.6,0,2025-05-01,2025-04-29,1,0
Zahra,Taghizade,100,63,88,99,87,87.4,1,2025-05-01,2025-05-05,0,1
Tural,Aliyev,84,83,60,61,77,73.0,0,2025-05-01,2025-05-02,0,0
Nigar,Mammadova,67,64,86,95,82,78.8,0,2025-05-01,2025-05-03,0,0
Ulvi,Kerimova,83,75,72,97,74,80.2,2,2025-05-01,2025-05-04,0,0
Kamran,Huseynov,61,64,65,81,92,72.6,1,2025-05-01,2025-05-04,0,0
Aysel,Najafova,74,93,66,61,67,72.2,0,2025-05-01,2025-05-02,0,0
Murad,Asadov,88,95,68,85,74,82.0,1,2025-05-01,2025-04-30,1,0
Aysel,Asadov,74,86,63,75,72,74.0,1,2025-05-01,2025-04-29,1,0
Gunay,Asadov,90,64,84,99,100,87.4,2,2025-05-01,2025-05-06,0,1
Zahra,Guliyev,78,73,96,91,87,85.0,1,2025-05-01,2025-05-06,0,1
Nigar,Huseynov,80,89,95,68,63,79.0,0,2025-05-01,2025-05-02,0,0
Elvin,Ismayilova,97,72,82,87,63,80.2,2,2025-05-01,2025-04-30,1,0
Ulvi,Aliyev,78,74,82,61,91,77.2,0,2025-05-01,2025-05-04,0,0
Elvin,Aliyev,73,88,63,86,67,75.4,0,2025-05-01,2025-04-29,1,0
Aysel,Najafova,62,76,62,92,79,74.2,0,2025-05-01,2025-05-02,0,0
Zahra,Kerimova,99,76,72,97,64,81.6,0,2025-05-01,2025-05-06,0,0
Leyla,Mammadova,69,61,62,78,72,68.4,0,2025-05-01,2025-05-04,0,0
Elvin,Kerimova,74,80,84,75,71,76.8,0,2025-05-01,2025-05-01,1,0
Ulvi,Aliyev,99,60,83,75,79,79.2,2,2025-05-01,2025-05-01,1,0
Ulvi,Najafova,82,96,87,98,80,88.6,2,2025-05-01,2025-04-29,1,1
Murad,Taghizade,74,94,63,75,66,74.4,0,2025-05-01,2025-04-30,1,0
Kamran,Ismayilova,77,75,99,72,88,82.2,0,2025-05-01,2025-04-29,1,0
Gunay,Aliyev,66,84,69,87,74,76.0,0,2025-05-01,2025-05-02,0,0
Tural,Aliyev,86,92,86,98,84,89.2,0,2025-05-01,2025-05-03,0,1
Kamran,Huseynov,78,90,98,67,79,82.4,0,2025-05-01,2025-05-05,0,0
Gunay,Rahimov,81,99,82,66,68,79.2,2,2025-05-01,2025-05-02,0,0
Gunay,Taghizade,78,94,70,95,99,87.2,2,2025-05-01,2025-04-29,1,1
Murad,Guliyev,69,68,77,94,93,80.2,0,2025-05-01,2025-05-02,0,0
Leyla,Mammadova,65,98,76,74,60,74.6,2,2025-05-01,2025-05-02,0,0
Tural,Ismayilova,96,77,99,93,86,90.2,0,2025-05-01,2025-04-30,1,1
Zahra,Ismayilova,81,87,63,97,90,83.6,0,2025-05-01,2025-05-04,0,0
Murad,Ismayilova,60,72,86,91,86,79.0,2,2025-05-01,2025-05-04,0,0
Murad,Aliyev,68,98,86,94,68,82.8,0,2025-05-01,2025-05-03,0,0
Kamran,Ismayilova,77,100,92,92,61,84.4,0,2025-05-01,2025-05-01,1,0
Gunay,Ismayilova,69,70,96,70,97,80.4,0,2025-05-01,2025-05-01,1,0
Murad,Asadov,67,80,87,72,74,76.0,2,2025-05-01,2025-05-04,0,0
Gunay,Ismayilova,81,62,77,95,99,82.8,2,2025-05-01,2025-05-06,0,0
Elvin,Ismayilova,83,78,76,76,72,77.0,2,2025-05-01,2025-05-02,0,0
Aysel,Guliyev,71,63,100,60,60,70.8,2,2025-05-01,2025-04-29,1,0
Murad,Rahimov,98,61,95,69,78,80.2,2,2025-05-01,2025-04-30,1,0
Murad,Ismayilova,80,89,86,77,93,85.0,0,2025-05-01,2025-05-04,0,1
Aysel,Asadov,74,63,60,95,82,74.8,2,2025-05-01,2025-05-01,1,0
Elvin,Kerimova,80,83,62,100,63,77.6,1,2025-05-01,2025-05-05,0,0
Elvin,Asadov,67,79,100,90,79,83.0,0,2025-05-01,2025-05-03,0,0
Kamran,Taghizade,65,89,81,72,93,80.0,0,2025-05-01,2025-05-06,0,0
Tural,Taghizade,98,68,88,88,69,82.2,0,2025-05-01,2025-04-30,1,0
Zahra,Guliyev,77,94,64,76,62,74.6,0,2025-05-01,2025-05-01,1,0
Zahra,Aliyev,96,93,86,69,91,87.0,0,2025-05-01,2025-04-29,1,1
Leyla,Taghizade,100,60,70,90,77,79.4,0,2025-05-01,2025-05-06,0,0
Murad,Guliyev,92,78,98,92,77,87.4,1,2025-05-01,2025-04-30,1,1
Nigar,Asadov,92,76,85,99,71,84.6,0,2025-05-01,2025-05-01,1,0
Murad,Guliyev,61,72,61,88,96,75.6,2,2025-05-01,2025-05-03,0,0
Tural,Asadov,80,82,94,97,70,84.6,2,2025-05-01,2025-05-04,0,0
Murad,Huseynov,91,79,99,96,80,89.0,2,2025-05-01,2025-05-02,0,1
Aysel,Mammadova,100,61,88,82,72,80.6,2,2025-05-01,2025-05-05,0,0
Aysel,Ismayilova,78,63,74,80,63,71.6,0,2025-05-01,2025-05-05,0,0
Gunay,Najafova,97,90,61,79,67,78.8,2,2025-05-01,2025-05-06,0,0
Leyla,Taghizade,83,70,95,91,60,79.8,2,2025-05-01,2025-05-06,0,0
Ulvi,Aliyev,94,83,81,80,66,80.8,0,2025-05-01,2025-04-30,1,0
Murad,Rahimov,85,85,77,77,60,76.8,0,2025-05-01,2025-05-05,0,0
Tural,Ismayilova,88,70,93,66,74,78.2,0,2025-05-01,2025-05-05,0,0
Kamran,Taghizade,87,93,64,64,69,75.4,1,2025-05-01,2025-05-05,0,0
Leyla,Najafova,74,77,83,83,90,81.4,2,2025-05-01,2025-04-30,1,0
Murad,Mammadova,85,84,100,82,76,85.4,2,2025-05-01,2025-04-30,1,1
Nigar,Mammadova,87,93,85,87,89,88.2,2,2025-05-01,2025-05-03,0,1
Tural,Ismayilova,99,75,80,82,81,83.4,1,2025-05-01,2025-05-03,0,0
Gunay,Najafova,77,79,86,85,77,80.8,2,2025-05-01,2025-05-03,0,0
Nigar,Taghizade,90,65,68,86,75,76.8,1,2025-05-01,2025-05-06,0,0
Tural,Huseynov,73,61,70,82,75,72.2,0,2025-05-01,2025-04-29,1,0
Zahra,Kerimova,90,73,62,84,82,78.2,0,2025-05-01,2025-05-05,0,0
Zahra,Taghizade,92,66,78,81,100,83.4,0,2025-05-01,2025-05-01,1,0
Tural,Asadov,64,97,62,87,67,75.4,2,2025-05-01,2025-05-05,0,0
Zahra,Ismayilova,64,66,68,67,63,65.6,0,2025-05-01,2025-05-03,0,0
Leyla,Aliyev,67,75,77,98,99,83.2,2,2025-05-01,2025-05-02,0,0
Elvin,Aliyev,95,70,79,85,88,83.4,0,2025-05-01,2025-05-06,0,0
Gunay,Aliyev,96,94,85,97,73,89.0,1,2025-05-01,2025-05-06,0,1
Zahra,Ismayilova,81,68,97,76,96,83.6,2,2025-05-01,2025-05-01,1,0
Tural,Taghizade,96,100,74,94,68,86.4,2,2025-05-01,2025-05-02,0,1
Tural,Taghizade,91,93,96,94,91,93.0,2,2025-05-01,2025-04-29,1,1
Elvin,Ismayilova,65,67,97,79,71,75.8,1,2025-05-01,2025-04-30,1,0
Elvin,Aliyev,96,61,68,95,91,82.2,0,2025-05-01,2025-05-05,0,0
Kamran,Najafova,72,75,98,63,81,77.8,1,2025-05-01,2025-05-03,0,0
Murad,Najafova,93,60,89,93,83,83.6,1,2025-05-01,2025-05-05,0,0
Leyla,Ismayilova,81,83,78,67,85,78.8,0,2025-05-01,2025-05-04,0,0
Murad,Ismayilova,97,81,70,60,94,80.4,2,2025-05-01,2025-05-02,0,0
Zahra,Kerimova,80,77,64,66,69,71.2,2,2025-05-01,2025-05-04,0,0
Kamran,Mammadova,84,84,100,87,73,85.6,0,2025-05-01,2025-05-05,0,1
Murad,Najafova,62,68,66,89,86,74.2,2,2025-05-01,2025-05-01,1,0
Zahra,Najafova,79,62,61,95,60,71.4,1,2025-05-01,2025-05-01,1,0
Aysel,Guliyev,72,96,63,79,64,74.8,0,2025-05-01,2025-05-05,0,0
Aysel,Huseynov,94,81,69,87,69,80.0,2,2025-05-01,2025-05-02,0,0
Leyla,Aliyev,76,63,76,85,99,79.8,0,2025-05-01,2025-05-06,0,0
Kamran,Kerimova,85,88,60,95,64,78.4,0,2025-05-01,2025-05-04,0,0
Elvin,Kerimova,78,77,61,99,90,81.0,1,2025-05-01,2025-05-01,1,0
Gunay,Huseynov,93,91,65,60,69,75.6,2,2025-05-01,2025-04-29,1,0
Murad,Kerimova,70,75,78,94,71,77.6,1,2025-05-01,2025-05-01,1,0
Aysel,Najafova,84,99,82,68,73,81.2,2,2025-05-01,2025-05-03,0,0
Leyla,Najafova,83,90,96,62,72,80.6,1,2025-05-01,2025-05-04,0,0
Ulvi,Aliyev,88,68,94,74,75,79.8,0,2025-05-01,2025-05-03,0,0
Tural,Taghizade,92,69,80,68,84,78.6,0,2025-05-01,2025-05-05,0,0
Ulvi,Taghizade,77,73,95,98,78,84.2,2,2025-05-01,2025-05-02,0,0
Nigar,Aliyev,75,72,72,63,71,70.6,0,2025-05-01,2025-05-01,1,0
Kamran,Huseynov,99,89,98,70,68,84.8,0,2025-05-01,2025-05-06,0,0
Aysel,Aliyev,66,63,64,79,87,71.8,1,2025-05-01,2025-05-02,0,0
Tural,Taghizade,84,81,86,92,61,80.8,0,2025-05-01,2025-05-06,0,0
Elvin,Guliyev,90,62,89,86,80,81.4,2,2025-05-01,2025-04-30,1,0
Zahra,Taghizade,98,85,81,90,63,83.4,1,2025-05-01,2025-05-02,0,0
Murad,Huseynov,67,76,84,86,68,76.2,0,2025-05-01,2025-05-05,0,0
Ulvi,Huseynov,95,82,97,69,60,80.6,2,2025-05-01,2025-05-06,0,0
Elvin,Asadov,62,90,88,67,91,79.6,0,2025-05-01,2025-05-02,0,0
Nigar,Aliyev,72,93,89,87,82,84.6,0,2025-05-01,2025-05-04,0,0
Kamran,Kerimova,89,66,98,79,92,84.8,2,2025-05-01,2025-05-05,0,0
Gunay,Asadov,84,74,88,93,77,83.2,1,2025-05-01,2025-05-06,0,0
Kamran,Mammadova,92,66,86,96,82,84.4,1,2025-05-01,2025-05-04,0,0
Nigar,Ismayilova,94,65,94,96,70,83.8,1,2025-05-01,2025-05-06,0,0
Zahra,Rahimov,74,71,97,84,79,81.0,0,2025-05-01,2025-05-02,0,0
Gunay,Najafova,100,64,61,78,81,76.8,0,2025-05-01,2025-05-06,0,0
Nigar,Taghizade,89,71,65,67,94,77.2,2,2025-05-01,2025-04-30,1,0
Elvin,Asadov,95,81,99,64,82,84.2,1,2025-05-01,2025-05-04,0,0
Tural,Asadov,72,78,85,77,68,76.0,0,2025-05-01,2025-05-06,0,0
Aysel,Rahimov,99,73,80,96,87,87.0,2,2025-05-01,2025-05-04,0,1
Kamran,Mammadova,68,79,82,80,87,79.2,0,2025-05-01,2025-05-04,0,0
Zahra,Guliyev,79,91,76,81,86,82.6,0,2025-05-01,2025-05-05,0,0
Murad,Asadov,82,74,69,85,89,79.8,0,2025-05-01,2025-05-04,0,0
Leyla,Taghizade,97,75,75,97,88,86.4,2,2025-05-01,2025-04-29,1,1
Aysel,Najafova,96,96,68,73,69,80.4,0,2025-05-01,2025-05-05,0,0
Murad,Ismayilova,90,64,71,68,67,72.0,0,2025-05-01,2025-04-29,1,0
Gunay,Asadov,69,78,91,65,70,74.6,2,2025-05-01,2025-05-04,0,0
Tural,Guliyev,100,67,75,74,89,81.0,2,2025-05-01,2025-05-04,0,0
Tural,Najafova,97,72,73,90,77,81.8,2,2025-05-01,2025-05-01,1,0
Tural,Taghizade,96,74,84,89,97,88.0,2,2025-05-01,2025-05-02,0,1
Gunay,Aliyev,78,78,99,93,65,82.6,0,2025-05-01,2025-05-03,0,0
Kamran,Guliyev,64,61,64,63,100,70.4,0,2025-05-01,2025-05-02,0,0
Zahra,Asadov,73,94,82,67,65,76.2,2,2025-05-01,2025-05-06,0,0
Gunay,Kerimova,77,76,77,67,75,74.4,2,2025-05-01,2025-05-06,0,0
Leyla,Taghizade,89,69,71,95,62,77.2,1,2025-05-01,2025-04-30,1,0
Tural,Mammadova,97,98,98,93,77,92.6,2,2025-05-01,2025-04-30,1,1
Aysel,Najafova,72,87,64,96,65,76.8,1,2025-05-01,2025-05-05,0,0
Gunay,Rahimov,70,96,67,91,81,81.0,1,2025-05-01,2025-05-04,0,0
Murad,Taghizade,84,89,83,78,73,81.4,0,2025-05-01,2025-05-04,0,0
Leyla,Najafova,78,79,64,92,95,81.6,2,2025-05-01,2025-04-30,1,0
Gunay,Asadov,86,76,78,69,77,77.2,0,2025-05-01,2025-04-30,1,0
Elvin,Guliyev,65,99,84,79,92,83.8,0,2025-05-01,2025-05-01,1,0
Leyla,Kerimova,63,87,67,86,94,79.4,1,2025-05-01,2025-05-03,0,0
Kamran,Ismayilova,72,81,62,69,88,74.4,0,2025-05-01,2025-05-02,0,0
Leyla,Aliyev,60,96,92,91,83,84.4,0,2025-05-01,2025-05-02,0,0
Ulvi,Ismayilova,66,70,74,100,67,75.4,2,2025-05-01,2025-05-03,0,0
Aysel,Kerimova,86,69,84,75,88,80.4,0,2025-05-01,2025-05-04,0,0
Elvin,Huseynov,93,83,91,73,70,82.0,0,2025-05-01,2025-05-05,0,0
Kamran,Kerimova,73,92,88,75,67,79.0,0,2025-05-01,2025-05-06,0,0
Kamran,Ismayilova,79,63,80,96,77,79.0,1,2025-05-01,2025-04-29,1,0
Nigar,Taghizade,70,97,83,75,73,79.6,2,2025-05-01,2025-05-04,0,0
Elvin,Asadov,99,79,88,97,67,86.0,0,2025-05-01,2025-05-05,0,1
Ulvi,Guliyev,87,66,60,93,82,77.6,0,2025-05-01,2025-05-06,0,0
Gunay,Ismayilova,66,66,96,74,99,80.2,1,2025-05-01,2025-05-06,0,0
Murad,Huseynov,60,94,94,100,76,84.8,0,2025-05-01,2025-04-29,1,0
Kamran,Najafova,64,99,76,61,82,76.4,0,2025-05-01,2025-05-03,0,0
Leyla,Huseynov,73,70,89,90,83,81.0,2,2025-05-01,2025-05-01,1,0
Zahra,Huseynov,91,68,89,61,86,79.0,2,2025-05-01,2025-05-05,0,0
Zahra,Guliyev,80,78,67,65,63,70.6,0,2025-05-01,2025-05-04,0,0
Tural,Kerimova,66,64,100,87,95,82.4,0,2025-05-01,2025-05-06,0,0
Tural,Mammadova,90,99,84,83,80,87.2,2,2025-05-01,2025-04-29,1,1
Tural,Asadov,66,63,85,72,93,75.8,0,2025-05-01,2025-05-05,0,0
Ulvi,Najafova,85,93,90,61,74,80.6,0,2025-05-01,2025-04-30,1,0
Gunay,Kerimova,88,73,83,74,68,77.2,0,2025-05-01,2025-04-30,1,0
Zahra,Guliyev,91,77,92,64,89,82.6,2,2025-05-01,2025-05-01,1,0
Gunay,Huseynov,61,75,73,94,70,74.6,0,2025-05-01,2025-05-04,0,0
Kamran,Najafova,97,99,72,96,78,88.4,0,2025-05-01,2025-05-06,0,1
Ulvi,Guliyev,60,86,83,91,65,77.0,2,2025-05-01,2025-05-03,0,0
Tural,Kerimova,85,64,82,90,75,79.2,0,2025-05-01,2025-05-05,0,0
Murad,Ismayilova,86,91,72,77,80,81.2,0,2025-05-01,2025-05-03,0,0
Kamran,Rahimov,69,85,77,66,73,74.0,2,2025-05-01,2025-05-06,0,0
Tural,Aliyev,83,73,96,88,94,86.8,0,2025-05-01,2025-05-02,0,1
Leyla,Aliyev,66,71,97,65,85,76.8,0,2025-05-01,2025-05-05,0,0
Kamran,Taghizade,94,78,62,70,93,79.4,1,2025-05-01,2025-05-04,0,0
Gunay,Huseynov,74,86,76,83,86,81.0,0,2025-05-01,2025-04-29,1,0
Kamran,Huseynov,65,78,92,90,96,84.2,0,2025-05-01,2025-05-05,0,0
Aysel,Kerimova,85,88,68,88,80,81.8,0,2025-05-01,2025-04-30,1,0
Leyla,Taghizade,98,79,67,68,69,76.2,2,2025-05-01,2025-05-05,0,0
Tural,Asadov,88,88,63,61,76,75.2,0,2025-05-01,2025-05-03,0,0
Leyla,Kerimova,86,99,92,69,65,82.2,0,2025-05-01,2025-04-30,1,0
Leyla,Rahimov,82,85,82,84,89,84.4,0,2025-05-01,2025-05-03,0,0
Ulvi,Asadov,72,70,98,84,98,84.4,2,2025-05-01,2025-05-06,0,0
Elvin,Najafova,100,83,69,75,82,81.8,1,2025-05-01,2025-05-02,0,0
Leyla,Asadov,89,78,78,78,81,80.8,1,2025-05-01,2025-05-03,0,0
Elvin,Rahimov,72,74,66,92,88,78.4,2,2025-05-01,2025-05-01,1,0
Kamran,Aliyev,91,83,75,76,63,77.6,0,2025-05-01,2025-04-29,1,0
Zahra,Mammadova,92,78,93,72,63,79.6,0,2025-05-01,2025-05-04,0,0
Nigar,Aliyev,77,77,62,65,70,70.2,2,2025-05-01,2025-04-30,1,0
Gunay,Ismayilova,86,86,87,87,92,87.6,2,2025-05-01,2025-05-04,0,1
Elvin,Guliyev,69,90,93,94,69,83.0,0,2025-05-01,2025-04-30,1,0
Zahra,Huseynov,100,77,84,62,71,78.8,2,2025-05-01,2025-05-01,1,0
Leyla,Ismayilova,67,61,70,72,100,74.0,0,2025-05-01,2025-05-06,0,0
Kamran,Taghizade,74,60,73,74,73,70.8,1,2025-05-01,2025-04-30,1,0
Elvin,Asadov,77,70,66,93,72,75.6,2,2025-05-01,2025-05-02,0,0
Murad,Ismayilova,66,87,61,90,86,78.0,2,2025-05-01,2025-05-01,1,0
Gunay,Mammadova,87,97,64,67,91,81.2,2,2025-05-01,2025-05-01,1,0
Elvin,Ismayilova,65,78,64,64,73,68.8,2,2025-05-01,2025-05-03,0,0
Elvin,Huseynov,78,99,74,81,64,79.2,1,2025-05-01,2025-05-05,0,0
Ulvi,Asadov,67,68,77,95,88,79.0,2,2025-05-01,2025-05-01,1,0
Leyla,Aliyev,66,67,91,72,73,73.8,0,2025-05-01,2025-05-06,0,0
Ulvi,Aliyev,83,95,60,87,88,82.6,0,2025-05-01,2025-04-29,1,0
Zahra,Taghizade,78,87,91,97,94,89.4,2,2025-05-01,2025-05-05,0,1
Zahra,Huseynov,65,80,93,87,75,80.0,0,2025-05-01,2025-05-01,1,0
Tural,Mammadova,63,63,63,94,94,75.4,0,2025-05-01,2025-04-29,1,0
Tural,Guliyev,68,61,83,62,83,71.4,0,2025-05-01,2025-05-04,0,0
Gunay,Kerimova,93,95,96,71,86,88.2,2,2025-05-01,2025-05-02,0,1
Elvin,Najafova,69,72,79,61,100,76.2,1,2025-05-01,2025-04-29,1,0
Zahra,Aliyev,97,84,62,89,81,82.6,0,2025-05-01,2025-04-29,1,0
Gunay,Aliyev,62,92,85,91,69,79.8,2,2025-05-01,2025-05-03,0,0
Murad,Ismayilova,65,67,70,74,96,74.4,0,2025-05-01,2025-04-29,1,0
Ulvi,Asadov,79,74,86,62,91,78.4,0,2025-05-01,2025-04-29,1,0
Murad,Rahimov,66,76,62,80,78,72.4,0,2025-05-01,2025-04-30,1,0
Nigar,Kerimova,78,93,86,68,62,77.4,2,2025-05-01,2025-05-06,0,0
Murad,Kerimova,65,91,65,91,86,79.6,0,2025-05-01,2025-05-04,0,0
Murad,Ismayilova,72,71,89,98,90,84.0,0,2025-05-01,2025-05-06,0,0
Ulvi,Aliyev,100,93,64,87,69,82.6,0,2025-05-01,2025-05-01,1,0
Zahra,Aliyev,71,73,66,88,78,75.2,0,2025-05-01,2025-05-01,1,0
Gunay,Huseynov,66,98,60,82,60,73.2,0,2025-05-01,2025-04-29,1,0
Gunay,Asadov,67,63,92,68,71,72.2,2,2025-05-01,2025-05-04,0,0
Elvin,Asadov,89,95,62,94,65,81.0,2,2025-05-01,2025-05-04,0,0
Elvin,Aliyev,70,96,98,61,64,77.8,2,2025-05-01,2025-05-04,0,0
Murad,Kerimova,80,69,94,78,64,77.0,2,2025-05-01,2025-04-29,1,0
Tural,Aliyev,85,75,61,99,88,81.6,2,2025-05-01,2025-04-29,1,0
Elvin,Kerimova,88,70,92,92,88,86.0,0,2025-05-01,2025-04-30,1,1
Zahra,Ismayilova,78,70,63,89,76,75.2,2,2025-05-01,2025-04-30,1,0
Aysel,Taghizade,71,83,73,73,80,76.0,0,2025-05-01,2025-05-04,0,0
Ulvi,Huseynov,65,74,82,93,68,76.4,2,2025-05-01,2025-04-29,1,0
Murad,Mammadova,82,63,100,72,73,78.0,0,2025-05-01,2025-05-01,1,0
Gunay,Kerimova,69,97,99,82,77,84.8,1,2025-05-01,2025-04-29,1,0
Zahra,Ismayilova,87,83,62,60,100,78.4,1,2025-05-01,2025-05-03,0,0
Gunay,Asadov,63,74,73,98,78,77.2,2,2025-05-01,2025-05-03,0,0
Gunay,Huseynov,93,92,61,91,68,81.0,1,2025-05-01,2025-05-02,0,0
Nigar,Kerimova,87,61,63,85,72,73.6,0,2025-05-01,2025-05-01,1,0
Gunay,Guliyev,75,91,93,74,90,84.6,0,2025-05-01,2025-05-06,0,0
Nigar,Guliyev,62,88,71,82,95,79.6,0,2025-05-01,2025-04-30,1,0
Gunay,Mammadova,93,86,83,77,86,85.0,0,2025-05-01,2025-05-06,0,1
Aysel,Guliyev,66,76,65,67,70,68.8,2,2025-05-01,2025-05-01,1,0
Zahra,Taghizade,63,89,90,74,81,79.4,0,2025-05-01,2025-05-06,0,0
Aysel,Aliyev,100,100,60,63,88,82.2,1,2025-05-01,2025-05-04,0,0
Nigar,Mammadova,69,92,95,71,71,79.6,2,2025-05-01,2025-05-02,0,0
Elvin,Najafova,92,83,89,79,79,84.4,0,2025-05-01,2025-05-06,0,0
Gunay,Guliyev,65,92,65,65,98,77.0,0,2025-05-01,2025-05-02,0,0
Tural,Guliyev,68,85,61,84,99,79.4,0,2025-05-01,2025-05-01,1,0
Kamran,Kerimova,76,60,82,87,80,77.0,0,2025-05-01,2025-04-29,1,0
Kamran,Najafova,63,78,60,70,87,71.6,0,2025-05-01,2025-05-03,0,0
Elvin,Ismayilova,98,88,70,81,94,86.2,2,2025-05-01,2025-05-02,0,1
Murad,Mammadova,91,86,91,97,89,90.8,1,2025-05-01,2025-05-01,1,1
Gunay,Najafova,64,84,65,61,62,67.2,2,2025-05-01,2025-05-02,0,0
Ulvi,Ismayilova,66,64,73,93,87,76.6,2,2025-05-01,2025-05-03,0,0
Elvin,Aliyev,85,75,85,85,81,82.2,2,2025-05-01,2025-05-06,0,0
Nigar,Kerimova,93,94,95,79,66,85.4,2,2025-05-01,2025-05-05,0,1
Kamran,Ismayilova,91,99,82,72,91,87.0,0,2025-05-01,2025-05-03,0,1
Elvin,Taghizade,64,79,78,85,86,78.4,2,2025-05-01,2025-05-03,0,0
Kamran,Aliyev,63,65,78,94,74,74.8,1,2025-05-01,2025-05-04,0,0
Aysel,Guliyev,86,82,85,83,78,82.8,0,2025-05-01,2025-04-30,1,0
Gunay,Taghizade,94,60,78,70,72,74.8,2,2025-05-01,2025-05-06,0,0
Tural,Huseynov,60,79,60,67,74,68.0,0,2025-05-01,2025-05-02,0,0
Nigar,Rahimov,83,70,88,98,70,81.8,1,2025-05-01,2025-05-04,0,0
Gunay,Aliyev,95,73,71,63,100,80.4,2,2025-05-01,2025-05-03,0,0
Tural,Mammadova,71,74,96,81,98,84.0,2,2025-05-01,2025-05-04,0,0
Nigar,Rahimov,63,61,87,91,83,77.0,1,2025-05-01,2025-05-03,0,0
Ulvi,Huseynov,93,94,85,62,100,86.8,0,2025-05-01,2025-05-03,0,1
Aysel,Asadov,69,63,67,71,76,69.2,0,2025-05-01,2025-05-02,0,0
Ulvi,Huseynov,98,82,75,100,100,91.0,0,2025-05-01,2025-05-02,0,1
Kamran,Kerimova,69,73,74,76,82,74.8,0,2025-05-01,2025-04-30,1,0
Ulvi,Guliyev,60,82,78,86,91,79.4,0,2025-05-01,2025-05-05,0,0
Murad,Rahimov,80,81,65,74,99,79.8,2,2025-05-01,2025-05-04,0,0
Gunay,Guliyev,70,71,92,96,65,78.8,2,2025-05-01,2025-04-29,1,0
Leyla,Taghizade,76,89,66,79,99,81.8,2,2025-05-01,2025-05-02,0,0
Zahra,Mammadova,73,93,82,79,84,82.2,0,2025-05-01,2025-05-06,0,0
Leyla,Guliyev,95,75,99,99,80,89.6,0,2025-05-01,2025-04-30,1,1
Aysel,Najafova,94,92,76,80,69,82.2,2,2025-05-01,2025-05-02,0,0
Aysel,Najafova,70,74,82,78,81,77.0,0,2025-05-01,2025-05-06,0,0
Ulvi,Kerimova,61,81,89,96,86,82.6,0,2025-05-01,2025-04-29,1,0
Murad,Guliyev,64,81,96,88,81,82.0,0,2025-05-01,2025-05-02,0,0
Zahra,Asadov,86,60,63,66,68,68.6,2,2025-05-01,2025-04-29,1,0
Aysel,Aliyev,77,86,93,85,97,87.6,2,2025-05-01,2025-05-03,0,1
Tural,Guliyev,93,62,95,92,68,82.0,2,2025-05-01,2025-05-01,1,0
Aysel,Asadov,74,77,98,100,61,82.0,2,2025-05-01,2025-05-04,0,0
Aysel,Mammadova,90,100,72,78,66,81.2,0,2025-05-01,2025-04-30,1,0
Ulvi,Ismayilova,82,67,79,72,86,77.2,2,2025-05-01,2025-05-06,0,0
Zahra,Taghizade,94,90,80,94,67,85.0,0,2025-05-01,2025-05-06,0,1
Ulvi,Huseynov,97,85,97,71,86,87.2,0,2025-05-01,2025-05-05,0,1
Murad,Mammadova,83,91,91,100,80,89.0,0,2025-05-01,2025-05-05,0,1
Kamran,Rahimov,78,94,63,97,97,85.8,0,2025-05-01,2025-05-06,0,1
Murad,Mammadova,78,100,98,81,63,84.0,0,2025-05-01,2025-05-05,0,0
Tural,Guliyev,75,60,92,93,83,80.6,0,2025-05-01,2025-05-03,0,0
Tural,Najafova,78,73,93,68,100,82.4,0,2025-05-01,2025-05-01,1,0
Zahra,Mammadova,89,60,87,84,76,79.2,2,2025-05-01,2025-05-03,0,0
Kamran,Mammadova,75,60,76,72,98,76.2,1,2025-05-01,2025-04-30,1,0
Tural,Huseynov,78,99,75,72,78,80.4,2,2025-05-01,2025-05-06,0,0
Elvin,Taghizade,68,78,71,73,60,70.0,2,2025-05-01,2025-04-30,1,0
Ulvi,Asadov,75,69,97,97,60,79.6,2,2025-05-01,2025-04-30,1,0
Zahra,Kerimova,88,64,91,67,68,75.6,0,2025-05-01,2025-05-02,0,0
Aysel,Taghizade,85,60,63,76,93,75.4,0,2025-05-01,2025-05-01,1,0
Nigar,Rahimov,77,94,85,61,82,79.8,0,2025-05-01,2025-05-02,0,0
Kamran,Najafova,92,92,62,61,61,73.6,0,2025-05-01,2025-05-04,0,0
Gunay,Aliyev,66,82,82,90,87,81.4,0,2025-05-01,2025-04-29,1,0
Gunay,Najafova,71,89,73,96,61,78.0,2,2025-05-01,2025-05-06,0,0
Nigar,Huseynov,69,67,99,78,75,77.6,0,2025-05-01,2025-05-02,0,0
Kamran,Kerimova,79,67,85,77,71,75.8,2,2025-05-01,2025-05-05,0,0
Tural,Kerimova,72,94,92,98,67,84.6,0,2025-05-01,2025-05-03,0,0
Elvin,Taghizade,62,88,96,77,98,84.2,2,2025-05-01,2025-04-29,1,0
Tural,Guliyev,98,98,99,98,99,98.4,0,2025-05-01,2025-05-04,0,1
Tural,Aliyev,81,76,77,66,92,78.4,2,2025-05-01,2025-04-29,1,0
Leyla,Huseynov,68,72,89,77,92,79.6,1,2025-05-01,2025-04-30,1,0
Tural,Asadov,94,78,100,91,73,87.2,2,2025-05-01,2025-05-03,0,1
Gunay,Guliyev,63,81,91,70,87,78.4,0,2025-05-01,2025-04-29,1,0
Tural,Taghizade,82,87,60,95,100,84.8,0,2025-05-01,2025-05-06,0,0
Ulvi,Taghizade,70,68,95,73,82,77.6,1,2025-05-01,2025-05-02,0,0
Aysel,Huseynov,90,76,64,76,72,75.6,2,2025-05-01,2025-04-30,1,0
Murad,Ismayilova,68,69,63,70,86,71.2,2,2025-05-01,2025-05-03,0,0
Kamran,Rahimov,81,92,77,75,71,79.2,2,2025-05-01,2025-05-03,0,0
Zahra,Rahimov,83,68,65,74,76,73.2,0,2025-05-01,2025-05-06,0,0
Gunay,Rahimov,83,87,82,84,69,81.0,0,2025-05-01,2025-05-01,1,0
Gunay,Huseynov,75,91,95,72,79,82.4,0,2025-05-01,2025-05-02,0,0
Nigar,Huseynov,100,64,78,84,70,79.2,2,2025-05-01,2025-04-29,1,0
Tural,Huseynov,92,78,65,82,62,75.8,1,2025-05-01,2025-05-01,1,0
Leyla,Kerimova,91,84,83,83,89,86.0,2,2025-05-01,2025-05-01,1,1
Elvin,Ismayilova,87,89,97,61,100,86.8,0,2025-05-01,2025-05-04,0,1
Gunay,Kerimova,90,73,100,86,82,86.2,0,2025-05-01,2025-05-01,1,1
Ulvi,Huseynov,71,95,64,99,75,80.8,2,2025-05-01,2025-04-29,1,0
Kamran,Ismayilova,100,80,79,63,80,80.4,2,2025-05-01,2025-05-03,0,0
Elvin,Asadov,78,80,88,61,73,76.0,2,2025-05-01,2025-05-04,0,0
Leyla,Najafova,77,78,72,70,86,76.6,0,2025-05-01,2025-05-03,0,0
Zahra,Guliyev,60,77,95,94,91,83.4,0,2025-05-01,2025-05-05,0,0
Aysel,Mammadova,95,80,76,82,68,80.2,0,2025-05-01,2025-05-04,0,0
Gunay,Huseynov,91,68,95,97,80,86.2,2,2025-05-01,2025-05-04,0,1
Elvin,Taghizade,95,80,94,64,66,79.8,2,2025-05-01,2025-04-29,1,0
Tural,Guliyev,67,78,91,93,95,84.8,0,2025-05-01,2025-04-29,1,0
Gunay,Mammadova,96,100,67,63,87,82.6,0,2025-05-01,2025-05-04,0,0
Kamran,Aliyev,89,100,77,72,73,82.2,1,2025-05-01,2025-04-29,1,0
Aysel,Aliyev,79,97,92,87,91,89.2,2,2025-05-01,2025-05-04,0,1
Leyla,Najafova,60,95,64,86,64,73.8,1,2025-05-01,2025-05-06,0,0
Ulvi,Rahimov,80,85,72,86,85,81.6,1,2025-05-01,2025-05-02,0,0
Gunay,Asadov,87,83,84,88,93,87.0,0,2025-05-01,2025-04-30,1,1
Nigar,Kerimova,82,87,72,98,90,85.8,1,2025-05-01,2025-05-05,0,1
Ulvi,Taghizade,89,100,92,84,91,91.2,0,2025-05-01,2025-04-30,1,1
Nigar,Mammadova,89,61,76,73,75,74.8,2,2025-05-01,2025-05-06,0,0
Nigar,Aliyev,60,90,79,88,84,80.2,1,2025-05-01,2025-04-30,1,0
Kamran,Mammadova,76,99,64,97,85,84.2,0,2025-05-01,2025-05-03,0,0
Zahra,Rahimov,81,93,66,78,73,78.2,0,2025-05-01,2025-05-05,0,0
Elvin,Aliyev,99,89,66,89,62,81.0,0,2025-05-01,2025-04-30,1,0
Nigar,Rahimov,87,100,86,85,91,89.8,0,2025-05-01,2025-04-30,1,1
Nigar,Kerimova,100,80,63,63,91,79.4,2,2025-05-01,2025-05-01,1,0
Zahra,Guliyev,64,95,62,82,83,77.2,0,2025-05-01,2025-05-06,0,0
Nigar,Najafova,67,64,91,65,74,72.2,2,2025-05-01,2025-05-05,0,0
Ulvi,Kerimova,84,87,62,85,99,83.4,0,2025-05-01,2025-04-29,1,0
Nigar,Ismayilova,96,64,97,85,71,82.6,2,2025-05-01,2025-04-29,1,0
Nigar,Huseynov,81,70,98,82,61,78.4,2,2025-05-01,2025-05-04,0,0
Tural,Ismayilova,85,96,79,94,72,85.2,2,2025-05-01,2025-05-04,0,1
Tural,Asadov,92,77,63,69,81,76.4,1,2025-05-01,2025-04-29,1,0
Aysel,Taghizade,61,61,66,90,70,69.6,0,2025-05-01,2025-04-30,1,0
Nigar,Asadov,78,93,81,90,85,85.4,2,2025-05-01,2025-04-29,1,1
Tural,Mammadova,100,93,83,89,80,89.0,2,2025-05-01,2025-05-01,1,1
Nigar,Guliyev,83,74,87,77,100,84.2,2,2025-05-01,2025-04-29,1,0
Kamran,Asadov,100,76,95,93,75,87.8,2,2025-05-01,2025-05-04,0,1
Leyla,Kerimova,65,97,86,76,79,80.6,0,2025-05-01,2025-05-05,0,0
Kamran,Mammadova,68,65,88,100,67,77.6,2,2025-05-01,2025-05-04,0,0
Leyla,Najafova,92,97,92,67,84,86.4,0,2025-05-01,2025-04-29,1,1
Kamran,Ismayilova,69,89,97,84,65,80.8,2,2025-05-01,2025-04-29,1,0
Leyla,Najafova,64,79,99,92,89,84.6,0,2025-05-01,2025-05-01,1,0
Nigar,Aliyev,80,75,99,74,82,82.0,2,2025-05-01,2025-04-30,1,0
Gunay,Asadov,79,71,93,85,63,78.2,2,2025-05-01,2025-05-04,0,0
Murad,Kerimova,61,94,92,80,100,85.4,0,2025-05-01,2025-05-06,0,1
Zahra,Huseynov,76,67,77,80,90,78.0,1,2025-05-01,2025-05-06,0,0
Gunay,Asadov,71,69,87,80,80,77.4,2,2025-05-01,2025-04-29,1,0
Elvin,Guliyev,61,76,95,94,92,83.6,0,2025-05-01,2025-04-29,1,0
Kamran,Guliyev,77,74,91,96,62,80.0,1,2025-05-01,2025-05-06,0,0
Gunay,Huseynov,90,97,78,70,82,83.4,1,2025-05-01,2025-04-30,1,0
Gunay,Mammadova,71,79,74,86,69,75.8,0,2025-05-01,2025-05-01,1,0
Nigar,Ismayilova,91,96,67,88,90,86.4,1,2025-05-01,2025-05-06,0,1
Ulvi,Najafova,96,92,86,89,74,87.4,1,2025-05-01,2025-04-30,1,1
Kamran,Aliyev,60,76,65,82,82,73.0,0,2025-05-01,2025-05-03,0,0
Nigar,Ismayilova,84,65,99,84,98,86.0,0,2025-05-01,2025-05-01,1,1
Kamran,Aliyev,89,76,65,99,99,85.6,0,2025-05-01,2025-05-02,0,1
Aysel,Najafova,87,64,82,89,82,80.8,2,2025-05-01,2025-04-30,1,0
Leyla,Huseynov,98,93,71,61,87,82.0,0,2025-05-01,2025-05-05,0,0
Nigar,Kerimova,85,79,77,97,95,86.6,0,2025-05-01,2025-04-30,1,1
Leyla,Kerimova,96,89,71,75,89,84.0,0,2025-05-01,2025-05-04,0,0
Kamran,Najafova,94,66,91,77,86,82.8,0,2025-05-01,2025-05-04,0,0
Nigar,Najafova,88,71,79,89,74,80.2,2,2025-05-01,2025-05-01,1,0
Elvin,Rahimov,94,68,90,71,87,82.0,1,2025-05-01,2025-05-02,0,0
Zahra,Taghizade,61,66,83,81,65,71.2,2,2025-05-01,2025-05-05,0,0
Leyla,Rahimov,67,99,99,87,100,90.4,2,2025-05-01,2025-04-30,1,1
Kamran,Kerimova,94,72,97,94,85,88.4,1,2025-05-01,2025-05-02,0,1
Leyla,Huseynov,89,64,88,75,77,78.6,2,2025-05-01,2025-05-04,0,0
Kamran,Najafova,82,85,73,61,88,77.8,0,2025-05-01,2025-05-06,0,0
Elvin,Asadov,74,89,90,91,68,82.4,2,2025-05-01,2025-05-05,0,0
Leyla,Aliyev,88,68,77,75,90,79.6,2,2025-05-01,2025-04-29,1,0
Ulvi,Huseynov,91,65,63,89,85,78.6,2,2025-05-01,2025-05-04,0,0
Murad,Najafova,60,99,70,87,63,75.8,0,2025-05-01,2025-05-05,0,0
Elvin,Aliyev,67,60,76,83,99,77.0,0,2025-05-01,2025-05-01,1,0
Kamran,Guliyev,71,90,69,64,99,78.6,1,2025-05-01,2025-05-01,1,0
Zahra,Najafova,73,62,74,84,97,78.0,0,2025-05-01,2025-05-03,0,0
Elvin,Mammadova,72,69,99,75,84,79.8,0,2025-05-01,2025-05-03,0,0
Gunay,Aliyev,83,75,71,83,69,76.2,2,2025-05-01,2025-04-30,1,0
Ulvi,Taghizade,86,95,67,93,83,84.8,0,2025-05-01,2025-05-03,0,0
Murad,Mammadova,75,73,97,63,77,77.0,0,2025-05-01,2025-05-01,1,0
Murad,Guliyev,90,92,91,72,83,85.6,2,2025-05-01,2025-04-29,1,1
Nigar,Asadov,61,77,63,88,95,76.8,0,2025-05-01,2025-05-04,0,0
Gunay,Rahimov,69,95,84,83,81,82.4,0,2025-05-01,2025-04-30,1,0
Kamran,Rahimov,68,74,81,85,61,73.8,0,2025-05-01,2025-05-04,0,0
Zahra,Najafova,86,68,94,76,78,80.4,1,2025-05-01,2025-05-03,0,0
Tural,Rahimov,64,60,99,81,63,73.4,2,2025-05-01,2025-05-06,0,0
Leyla,Aliyev,99,97,60,83,68,81.4,0,2025-05-01,2025-05-04,0,0
Leyla,Huseynov,60,94,73,74,67,73.6,0,2025-05-01,2025-05-01,1,0
Gunay,Guliyev,91,69,92,89,98,87.8,0,2025-05-01,2025-04-30,1,1
Zahra,Guliyev,85,72,100,69,91,83.4,2,2025-05-01,2025-04-29,1,0
Gunay,Guliyev,97,96,68,91,71,84.6,2,2025-05-01,2025-05-05,0,0
Aysel,Guliyev,96,87,72,88,82,85.0,0,2025-05-01,2025-05-02,0,1
Aysel,Mammadova,93,61,82,67,89,78.4,2,2025-05-01,2025-04-29,1,0
Zahra,Guliyev,79,60,91,84,71,77.0,0,2025-05-01,2025-05-06,0,0
Zahra,Najafova,92,83,89,93,97,90.8,0,2025-05-01,2025-05-06,0,1
Elvin,Asadov,95,75,70,67,95,80.4,2,2025-05-01,2025-05-05,0,0
Murad,Aliyev,89,73,64,91,79,79.2,2,2025-05-01,2025-04-30,1,0
Elvin,Guliyev,73,70,99,92,64,79.6,0,2025-05-01,2025-05-06,0,0
Nigar,Najafova,82,71,71,62,89,75.0,2,2025-05-01,2025-05-05,0,0
Zahra,Guliyev,67,70,93,71,99,80.0,2,2025-05-01,2025-05-02,0,0
Gunay,Guliyev,81,74,80,99,90,84.8,0,2025-05-01,2025-05-06,0,0
Gunay,Najafova,67,73,82,99,90,82.2,0,2025-05-01,2025-05-02,0,0
Aysel,Ismayilova,75,99,66,93,74,81.4,2,2025-05-01,2025-04-29,1,0
Elvin,Najafova,66,60,66,94,80,73.2,1,2025-05-01,2025-05-05,0,0
Murad,Mammadova,60,89,77,96,74,79.2,2,2025-05-01,2025-05-01,1,0
Elvin,Taghizade,66,90,67,78,64,73.0,0,2025-05-01,2025-05-03,0,0
Ulvi,Aliyev,67,65,87,75,95,77.8,0,2025-05-01,2025-05-06,0,0
Ulvi,Ismayilova,66,84,93,99,61,80.6,0,2025-05-01,2025-05-02,0,0
Kamran,Asadov,84,85,66,67,88,78.0,0,2025-05-01,2025-05-02,0,0
Nigar,Rahimov,75,73,80,70,75,74.6,0,2025-05-01,2025-05-05,0,0
Elvin,Guliyev,82,67,76,82,99,81.2,0,2025-05-01,2025-05-05,0,0
Zahra,Ismayilova,65,63,87,72,79,73.2,0,2025-05-01,2025-05-01,1,0
Zahra,Taghizade,74,72,69,63,91,73.8,2,2025-05-01,2025-04-30,1,0
Aysel,Ismayilova,93,84,74,95,90,87.2,0,2025-05-01,2025-05-04,0,1
Kamran,Mammadova,78,99,85,67,93,84.4,0,2025-05-01,2025-05-01,1,0
Elvin,Huseynov,93,65,94,79,63,78.8,0,2025-05-01,2025-05-01,1,0
Leyla,Aliyev,80,60,71,79,68,71.6,2,2025-05-01,2025-04-29,1,0
Elvin,Kerimova,86,96,96,96,66,88.0,0,2025-05-01,2025-04-30,1,1
Kamran,Ismayilova,80,79,88,75,94,83.2,0,2025-05-01,2025-04-30,1,0
Elvin,Taghizade,83,90,60,99,84,83.2,2,2025-05-01,2025-04-30,1,0
Nigar,Aliyev,88,89,80,60,97,82.8,2,2025-05-01,2025-05-06,0,0
Kamran,Ismayilova,65,99,67,60,82,74.6,0,2025-05-01,2025-04-29,1,0
Murad,Guliyev,91,78,91,79,98,87.4,1,2025-05-01,2025-05-06,0,1
Tural,Najafova,88,60,72,70,93,76.6,0,2025-05-01,2025-04-29,1,0
Murad,Mammadova,61,86,82,68,74,74.2,1,2025-05-01,2025-05-06,0,0
Gunay,Asadov,94,67,91,71,83,81.2,1,2025-05-01,2025-05-03,0,0
Tural,Najafova,98,97,71,68,78,82.4,2,2025-05-01,2025-05-06,0,0
Zahra,Asadov,67,96,95,94,96,89.6,0,2025-05-01,2025-05-05,0,1
Gunay,Kerimova,74,63,87,85,98,81.4,2,2025-05-01,2025-04-29,1,0
Gunay,Rahimov,64,69,88,84,98,80.6,0,2025-05-01,2025-05-02,0,0
Leyla,Asadov,62,96,73,71,72,74.8,0,2025-05-01,2025-05-01,1,0
Nigar,Huseynov,99,80,60,93,62,78.8,0,2025-05-01,2025-04-30,1,0
Murad,Huseynov,94,82,64,72,86,79.6,0,2025-05-01,2025-05-03,0,0
Zahra,Ismayilova,90,97,72,92,79,86.0,0,2025-05-01,2025-05-06,0,1
Aysel,Taghizade,86,74,82,97,93,86.4,1,2025-05-01,2025-05-05,0,1
Aysel,Najafova,72,93,84,78,83,82.0,2,2025-05-01,2025-05-05,0,0
Tural,Najafova,80,100,84,62,69,79.0,2,2025-05-01,2025-05-02,0,0
Kamran,Mammadova,71,65,97,88,87,81.6,0,2025-05-01,2025-05-03,0,0
Nigar,Kerimova,92,90,89,84,92,89.4,1,2025-05-01,2025-05-04,0,1
Ulvi,Huseynov,67,75,63,94,61,72.0,2,2025-05-01,2025-04-30,1,0
Ulvi,Huseynov,61,60,89,63,90,72.6,2,2025-05-01,2025-05-06,0,0
Aysel,Asadov,93,83,65,73,60,74.8,0,2025-05-01,2025-04-30,1,0
Nigar,Aliyev,60,85,91,82,81,79.8,0,2025-05-01,2025-05-05,0,0
Nigar,Mammadova,65,85,68,63,94,75.0,2,2025-05-01,2025-04-30,1,0
Tural,Guliyev,93,94,94,80,71,86.4,1,2025-05-01,2025-04-29,1,1
Nigar,Mammadova,67,70,66,61,84,69.6,1,2025-05-01,2025-05-01,1,0
Ulvi,Kerimova,97,92,74,86,90,87.8,2,2025-05-01,2025-05-03,0,1
Kamran,Guliyev,85,63,88,74,60,74.0,0,2025-05-01,2025-05-04,0,0
Aysel,Rahimov,67,77,75,76,94,77.8,0,2025-05-01,2025-05-02,0,0
Murad,Ismayilova,88,60,64,73,67,70.4,0,2025-05-01,2025-05-05,0,0
Zahra,Asadov,75,87,99,92,76,85.8,2,2025-05-01,2025-05-06,0,1
Tural,Mammadova,89,94,94,62,62,80.2,2,2025-05-01,2025-05-02,0,0
Leyla,Guliyev,65,85,99,97,86,86.4,0,2025-05-01,2025-05-03,0,1
Gunay,Guliyev,65,73,68,95,84,77.0,2,2025-05-01,2025-04-29,1,0
Murad,Asadov,87,93,69,91,74,82.8,1,2025-05-01,2025-05-02,0,0
Kamran,Kerimova,70,89,88,89,86,84.4,1,2025-05-01,2025-05-04,0,0
Ulvi,Aliyev,85,66,71,95,64,76.2,2,2025-05-01,2025-05-06,0,0
Elvin,Ismayilova,88,86,85,77,98,86.8,2,2025-05-01,2025-05-02,0,1
Aysel,Huseynov,84,69,67,69,68,71.4,0,2025-05-01,2025-05-02,0,0
Nigar,Mammadova,71,66,68,84,60,69.8,0,2025-05-01,2025-04-30,1,0
Tural,Ismayilova,60,75,98,62,76,74.2,2,2025-05-01,2025-05-04,0,0
Aysel,Ismayilova,80,79,95,75,93,84.4,0,2025-05-01,2025-05-06,0,0
Ulvi,Najafova,79,88,82,88,69,81.2,0,2025-05-01,2025-05-02,0,0
Ulvi,Mammadova,96,73,90,94,60,82.6,0,2025-05-01,2025-05-02,0,0
Tural,Guliyev,96,90,80,80,75,84.2,0,2025-05-01,2025-05-05,0,0
Elvin,Rahimov,97,74,92,78,64,81.0,1,2025-05-01,2025-05-06,0,0
Zahra,Taghizade,64,98,86,82,72,80.4,0,2025-05-01,2025-05-05,0,0
Tural,Najafova,82,95,93,64,64,79.6,2,2025-05-01,2025-05-05,0,0
Ulvi,Huseynov,81,76,87,63,73,76.0,0,2025-05-01,2025-05-02,0,0
Aysel,Najafova,71,79,69,66,66,70.2,2,2025-05-01,2025-05-03,0,0
Zahra,Asadov,63,66,64,69,82,68.8,0,2025-05-01,2025-05-03,0,0
Murad,Ismayilova,60,74,86,77,87,76.8,2,2025-05-01,2025-05-02,0,0
Nigar,Mammadova,71,83,75,74,79,76.4,1,2025-05-01,2025-05-01,1,0
Murad,Asadov,88,94,87,76,93,87.6,1,2025-05-01,2025-04-30,1,1
Nigar,Guliyev,94,97,99,77,98,93.0,0,2025-05-01,2025-05-05,0,1
Nigar,Kerimova,97,73,71,73,96,82.0,0,2025-05-01,2025-05-05,0,0
Gunay,Mammadova,79,62,82,95,91,81.8,0,2025-05-01,2025-05-04,0,0
Aysel,Najafova,96,81,93,88,60,83.6,0,2025-05-01,2025-05-02,0,0
Ulvi,Rahimov,82,77,79,97,91,85.2,1,2025-05-01,2025-05-01,1,1
Nigar,Huseynov,96,94,71,97,90,89.6,2,2025-05-01,2025-05-05,0,1
Leyla,Asadov,60,91,94,97,93,87.0,0,2025-05-01,2025-05-03,0,1
Ulvi,Aliyev,61,79,92,82,89,80.6,2,2025-05-01,2025-05-04,0,0
Ulvi,Mammadova,97,76,73,66,85,79.4,0,2025-05-01,2025-05-01,1,0
Leyla,Guliyev,95,71,61,91,100,83.6,0,2025-05-01,2025-05-06,0,0
Gunay,Huseynov,69,98,78,71,68,76.8,0,2025-05-01,2025-05-06,0,0
Nigar,Asadov,81,95,89,71,91,85.4,2,2025-05-01,2025-05-02,0,1
Murad,Ismayilova,77,72,82,67,80,75.6,0,2025-05-01,2025-05-02,0,0
Ulvi,Asadov,79,67,100,68,81,79.0,0,2025-05-01,2025-05-03,0,0
Leyla,Guliyev,81,67,86,92,68,78.8,0,2025-05-01,2025-05-02,0,0
Aysel,Kerimova,70,86,98,71,98,84.6,2,2025-05-01,2025-05-01,1,0
Ulvi,Mammadova,94,62,71,85,91,80.6,1,2025-05-01,2025-05-04,0,0
Aysel,Najafova,61,88,82,84,82,79.4,2,2025-05-01,2025-05-04,0,0
Gunay,Asadov,88,84,69,81,91,82.6,2,2025-05-01,2025-05-03,0,0
Tural,Ismayilova,66,90,92,93,78,83.8,0,2025-05-01,2025-05-05,0,0
Gunay,Najafova,75,96,76,66,76,77.8,1,2025-05-01,2025-04-29,1,0
Murad,Huseynov,78,76,99,89,84,85.2,2,2025-05-01,2025-05-04,0,1
Kamran,Huseynov,92,69,95,87,93,87.2,1,2025-05-01,2025-05-06,0,1
Murad,Mammadova,95,75,88,65,70,78.6,0,2025-05-01,2025-05-03,0,0
Nigar,Najafova,96,83,78,77,70,80.8,1,2025-05-01,2025-05-03,0,0
Gunay,Asadov,61,99,73,86,75,78.8,2,2025-05-01,2025-05-04,0,0
Zahra,Rahimov,77,76,77,99,74,80.6,2,2025-05-01,2025-05-05,0,0
Nigar,Aliyev,65,88,83,75,76,77.4,2,2025-05-01,2025-04-30,1,0
Kamran,Rahimov,94,87,60,99,99,87.8,0,2025-05-01,2025-05-02,0,1
Murad,Guliyev,91,67,98,84,63,80.6,0,2025-05-01,2025-05-04,0,0
Kamran,Aliyev,92,87,82,98,81,88.0,0,2025-05-01,2025-04-29,1,1
Aysel,Guliyev,76,82,60,66,93,75.4,2,2025-05-01,2025-05-03,0,0
Zahra,Mammadova,73,68,83,88,87,79.8,1,2025-05-01,2025-05-04,0,0
Murad,Taghizade,99,80,93,76,83,86.2,0,2025-05-01,2025-04-29,1,1
Murad,Asadov,78,84,90,82,99,86.6,2,2025-05-01,2025-05-01,1,1
Leyla,Ismayilova,60,82,85,69,77,74.6,2,2025-05-01,2025-05-06,0,0
Murad,Ismayilova,87,90,95,89,85,89.2,0,2025-05-01,2025-04-30,1,1
Gunay,Guliyev,84,97,76,69,62,77.6,0,2025-05-01,2025-05-05,0,0
Elvin,Guliyev,97,93,60,60,99,81.8,2,2025-05-01,2025-05-01,1,0
Ulvi,Guliyev,95,60,94,74,91,82.8,0,2025-05-01,2025-05-04,0,0
Zahra,Rahimov,62,99,84,98,89,86.4,0,2025-05-01,2025-05-02,0,1
Aysel,Guliyev,96,93,80,78,62,81.8,2,2025-05-01,2025-05-05,0,0
Gunay,Guliyev,81,100,91,65,98,87.0,2,2025-05-01,2025-04-29,1,1
Murad,Mammadova,74,88,79,82,76,79.8,2,2025-05-01,2025-05-02,0,0
Elvin,Rahimov,61,64,85,72,71,70.6,0,2025-05-01,2025-05-05,0,0
Ulvi,Asadov,90,99,80,71,97,87.4,0,2025-05-01,2025-05-03,0,1
Murad,Ismayilova,78,63,99,98,93,86.2,2,2025-05-01,2025-05-05,0,1
Gunay,Najafova,73,64,60,82,92,74.2,2,2025-05-01,2025-05-06,0,0
Zahra,Guliyev,61,76,93,82,100,82.4,0,2025-05-01,2025-04-29,1,0
Aysel,Guliyev,77,74,73,67,82,74.6,1,2025-05-01,2025-05-03,0,0
Murad,Najafova,75,64,79,92,100,82.0,2,2025-05-01,2025-04-30,1,0
Tural,Rahimov,86,84,87,78,95,86.0,1,2025-05-01,2025-04-30,1,1
Kamran,Aliyev,76,67,62,77,98,76.0,1,2025-05-01,2025-05-01,1,0
Zahra,Aliyev,93,86,88,88,81,87.2,0,2025-05-01,2025-05-05,0,1
Nigar,Rahimov,87,70,60,66,70,70.6,0,2025-05-01,2025-05-05,0,0
Nigar,Rahimov,73,89,79,66,99,81.2,0,2025-05-01,2025-04-29,1,0
Nigar,Asadov,64,92,93,68,85,80.4,0,2025-05-01,2025-04-30,1,0
Aysel,Ismayilova,96,91,89,63,78,83.4,0,2025-05-01,2025-05-02,0,0
Kamran,Ismayilova,67,85,98,89,93,86.4,0,2025-05-01,2025-05-02,0,1
Gunay,Mammadova,80,64,81,73,64,72.4,0,2025-05-01,2025-05-04,0,0
Kamran,Aliyev,79,91,72,86,68,79.2,2,2025-05-01,2025-05-03,0,0
Nigar,Mammadova,68,100,73,80,73,78.8,2,2025-05-01,2025-05-02,0,0
Murad,Guliyev,89,66,89,83,73,80.0,1,2025-05-01,2025-05-01,1,0
Nigar,Aliyev,60,75,79,69,66,69.8,1,2025-05-01,2025-05-03,0,0
Ulvi,Huseynov,63,99,68,60,79,73.8,1,2025-05-01,2025-05-03,0,0
Kamran,Najafova,76,91,68,60,83,75.6,0,2025-05-01,2025-05-02,0,0
Zahra,Huseynov,62,67,78,66,66,67.8,0,2025-05-01,2025-05-05,0,0
Aysel,Ismayilova,92,69,65,92,77,79.0,0,2025-05-01,2025-05-03,0,0
Gunay,Rahimov,96,79,72,64,81,78.4,0,2025-05-01,2025-05-01,1,0
Nigar,Asadov,62,74,69,92,82,75.8,0,2025-05-01,2025-05-02,0,0
Kamran,Huseynov,63,87,84,73,90,79.4,2,2025-05-01,2025-04-30,1,0
Leyla,Rahimov,63,73,83,78,80,75.4,0,2025-05-01,2025-04-30,1,0
Leyla,Kerimova,84,64,61,82,99,78.0,0,2025-05-01,2025-04-30,1,0
Nigar,Kerimova,69,88,98,93,62,82.0,2,2025-05-01,2025-04-29,1,0
Leyla,Asadov,61,91,83,74,66,75.0,2,2025-05-01,2025-04-29,1,0
Nigar,Asadov,97,77,65,79,76,78.8,2,2025-05-01,2025-05-06,0,0
Aysel,Aliyev,85,80,99,95,66,85.0,2,2025-05-01,2025-05-06,0,1
Murad,Ismayilova,76,86,72,97,78,81.8,0,2025-05-01,2025-05-02,0,0
Elvin,Guliyev,83,66,69,62,94,74.8,2,2025-05-01,2025-05-03,0,0
Murad,Guliyev,95,84,84,60,99,84.4,1,2025-05-01,2025-05-03,0,0
Ulvi,Taghizade,61,73,93,97,95,83.8,2,2025-05-01,2025-04-29,1,0
Kamran,Mammadova,73,98,73,60,61,73.0,1,2025-05-01,2025-05-04,0,0
Gunay,Huseynov,73,64,64,99,75,75.0,0,2025-05-01,2025-04-30,1,0
Murad,Asadov,99,80,95,91,77,88.4,0,2025-05-01,2025-04-30,1,1
Kamran,Aliyev,89,99,86,86,98,91.6,0,2025-05-01,2025-05-03,0,1
Zahra,Najafova,94,92,78,77,69,82.0,1,2025-05-01,2025-05-04,0,0
Ulvi,Taghizade,61,81,100,76,79,79.4,0,2025-05-01,2025-05-02,0,0
Kamran,Huseynov,98,72,100,88,87,89.0,0,2025-05-01,2025-05-01,1,1
Ulvi,Kerimova,87,93,88,95,88,90.2,0,2025-05-01,2025-04-29,1,1
Leyla,Najafova,69,78,70,78,85,76.0,2,2025-05-01,2025-04-30,1,0
Tural,Huseynov,74,69,69,88,93,78.6,1,2025-05-01,2025-04-30,1,0
Aysel,Rahimov,74,85,91,84,65,79.8,2,2025-05-01,2025-05-04,0,0
Gunay,Ismayilova,90,65,75,74,65,73.8,2,2025-05-01,2025-05-06,0,0
Ulvi,Guliyev,78,98,84,90,86,87.2,0,2025-05-01,2025-05-01,1,1
Leyla,Ismayilova,97,97,68,84,91,87.4,0,2025-05-01,2025-04-29,1,1
Murad,Ismayilova,84,92,95,80,62,82.6,0,2025-05-01,2025-04-30,1,0
Murad,Asadov,65,61,71,75,98,74.0,2,2025-05-01,2025-05-03,0,0
Leyla,Guliyev,80,78,82,71,93,80.8,1,2025-05-01,2025-05-04,0,0
Leyla,Asadov,73,86,93,97,91,88.0,0,2025-05-01,2025-05-04,0,1
Zahra,Ismayilova,63,65,60,92,62,68.4,0,2025-05-01,2025-05-04,0,0
Zahra,Rahimov,85,100,71,65,96,83.4,0,2025-05-01,2025-05-06,0,0
Kamran,Asadov,70,84,77,82,85,79.6,0,2025-05-01,2025-04-29,1,0
Nigar,Najafova,64,78,99,99,96,87.2,0,2025-05-01,2025-05-02,0,1
Tural,Rahimov,67,83,76,76,91,78.6,0,2025-05-01,2025-05-01,1,0
Elvin,Ismayilova,92,92,73,60,82,79.8,0,2025-05-01,2025-05-06,0,0
Murad,Kerimova,67,98,98,69,77,81.8,2,2025-05-01,2025-05-05,0,0
Kamran,Najafova,96,65,71,64,82,75.6,0,2025-05-01,2025-05-02,0,0
Gunay,Taghizade,94,86,60,71,100,82.2,0,2025-05-01,2025-04-30,1,0
Elvin,Ismayilova,70,83,62,60,60,67.0,2,2025-05-01,2025-05-02,0,0
Leyla,Guliyev,93,68,67,72,86,77.2,2,2025-05-01,2025-04-30,1,0
Gunay,Asadov,81,91,64,86,75,79.4,2,2025-05-01,2025-05-01,1,0
Gunay,Guliyev,98,74,77,89,83,84.2,0,2025-05-01,2025-05-06,0,0
Ulvi,Huseynov,66,71,60,76,91,72.8,0,2025-05-01,2025-04-29,1,0
Kamran,Rahimov,76,71,73,60,89,73.8,0,2025-05-01,2025-04-30,1,0
Leyla,Ismayilova,89,82,62,95,99,85.4,1,2025-05-01,2025-05-02,0,1
Zahra,Guliyev,97,72,100,84,89,88.4,0,2025-05-01,2025-05-05,0,1
Murad,Kerimova,90,76,74,74,68,76.4,0,2025-05-01,2025-04-30,1,0
Aysel,Ismayilova,99,73,66,92,83,82.6,0,2025-05-01,2025-05-02,0,0
Leyla,Kerimova,64,64,100,64,82,74.8,0,2025-05-01,2025-05-05,0,0
Elvin,Asadov,61,93,60,67,65,69.2,2,2025-05-01,2025-04-29,1,0
Nigar,Najafova,97,92,64,98,81,86.4,0,2025-05-01,2025-05-06,0,1
Leyla,Aliyev,92,90,83,93,92,90.0,0,2025-05-01,2025-05-01,1,1
Kamran,Kerimova,62,89,65,84,99,79.8,0,2025-05-01,2025-05-05,0,0
Zahra,Kerimova,97,82,97,83,94,90.6,1,2025-05-01,2025-05-06,0,1
Murad,Asadov,64,76,63,79,76,71.6,2,2025-05-01,2025-05-06,0,0
Zahra,Taghizade,70,100,77,75,81,80.6,1,2025-05-01,2025-04-29,1,0
Zahra,Rahimov,61,78,63,63,92,71.4,2,2025-05-01,2025-05-04,0,0
Zahra,Mammadova,79,69,98,89,73,81.6,0,2025-05-01,2025-05-04,0,0
Kamran,Ismayilova,64,60,97,67,60,69.6,2,2025-05-01,2025-05-03,0,0
Aysel,Mammadova,77,75,76,63,83,74.8,0,2025-05-01,2025-05-04,0,0
Ulvi,Najafova,99,61,73,61,78,74.4,2,2025-05-01,2025-04-30,1,0
Aysel,Ismayilova,80,74,95,82,86,83.4,2,2025-05-01,2025-05-02,0,0
Gunay,Guliyev,64,91,85,64,84,77.6,0,2025-05-01,2025-05-06,0,0
Tural,Aliyev,90,96,73,76,84,83.8,0,2025-05-01,2025-05-01,1,0
Ulvi,Rahimov,63,87,90,75,85,80.0,1,2025-05-01,2025-05-04,0,0
Ulvi,Huseynov,84,99,66,81,70,80.0,2,2025-05-01,2025-04-30,1,0
Murad,Najafova,92,68,83,61,74,75.6,2,2025-05-01,2025-05-01,1,0
Nigar,Ismayilova,88,91,79,88,65,82.2,2,2025-05-01,2025-05-04,0,0
Zahra,Rahimov,77,78,81,66,96,79.6,0,2025-05-01,2025-05-06,0,0
Aysel,Mammadova,80,89,62,90,84,81.0,2,2025-05-01,2025-05-02,0,0
Zahra,Asadov,87,79,68,100,76,82.0,1,2025-05-01,2025-05-03,0,0
Zahra,Taghizade,94,84,73,86,78,83.0,0,2025-05-01,2025-05-05,0,0
Aysel,Aliyev,94,75,82,91,94,87.2,0,2025-05-01,2025-05-01,1,1
Ulvi,Kerimova,99,79,74,68,92,82.4,0,2025-05-01,2025-05-04,0,0
Gunay,Mammadova,91,64,91,99,93,87.6,0,2025-05-01,2025-04-29,1,1
Leyla,Huseynov,90,83,86,90,76,85.0,1,2025-05-01,2025-05-03,0,1
Nigar,Rahimov,83,93,72,65,75,77.6,1,2025-05-01,2025-05-05,0,0
Ulvi,Rahimov,75,70,74,66,60,69.0,2,2025-05-01,2025-05-05,0,0
Murad,Guliyev,74,81,66,65,86,74.4,0,2025-05-01,2025-05-02,0,0
